"","Bas","Bmem","Bnv","CD4mem","CD4nv","CD8mem","CD8nv","Eos","Mono","Neu","NK","Treg"
"202172220017_R01C01",0.53,0.96,1.3,0.67,0,6.29,0,9.18,11.48,60.79,6.15,0.41
"202172220017_R02C01",0.97,2.21,0.55,9.38,0,14.81,0,2.38,8.01,53.35,6.55,0
"202172220017_R03C01",0,0.24,1.21,10.82,6.63,8.92,0.31,3.08,5.35,57.3,3.61,0
"202172220017_R05C01",2.27,0,4.46,3.93,4.28,19.16,0.68,0,3.61,52.98,2.61,6.01
"202172220017_R06C01",4.7,1.31,5.94,10,0,3.56,1.95,7.41,11.38,51.86,0.95,0
"202172220017_R08C01",0.42,1.24,0.88,11.27,3.67,4.33,1.63,3.81,6.12,59.51,5.88,0
"202172220032_R01C01",0.99,0.66,2.61,9.85,4.92,0.48,0,5.77,8.6,60.68,3.42,0
"202172220032_R02C01",0.82,0.58,0,5.77,2.78,0.36,0.55,2.46,8.53,72.74,3.27,0
"202172220032_R03C01",0,2.02,0.82,12.39,4.31,1.78,1.92,2.75,10.24,58.43,3.33,0
"202172220032_R04C01",1.84,1.81,1.29,7.96,6.53,3.26,0.58,3.4,14.52,55.25,1.3,0
"202172220032_R05C01",0,0.95,0.62,16.25,1.98,10.05,4.15,2.19,3.14,54.4,4.39,0
"202172220032_R06C01",0.81,1.1,3.86,7.91,0,5.6,0.42,0.94,6.92,69.46,1.5,0
"202172220032_R07C01",0.27,0.13,4.09,9.59,0.65,5.02,0.71,2.6,10.53,58.32,6.12,0
"202172220032_R08C01",0,1.41,0.5,12.35,2.51,2.65,2.14,0.93,6.34,66.78,2.9,0
"202172220041_R01C01",3.48,0,4.51,5.22,2.4,17.61,1.31,0,5.76,46.59,8.94,4.17
"202172220041_R02C01",1.48,0.1,0,13.97,0,2.77,1.36,1.1,3.15,74.64,0,0
"202172220041_R03C01",0.42,1.06,1.62,7.32,4.04,0.4,2.12,1.18,8.54,66.9,4.55,0.05
"202172220041_R04C01",1.94,2.76,2.01,6.51,0.21,8.84,0.25,7.36,7.63,55.81,4.32,0
"202172220041_R05C01",0.4,1.69,5.68,11.59,0.54,1.83,1.56,1.25,8.06,61.82,4.64,0
"202172220041_R06C01",1.51,1.41,1.62,1.84,0.93,3.27,0.8,0,6.14,77.43,3.25,0
"202172220041_R07C01",0,2.33,2.38,9.77,0.56,11.42,0,2.22,5.68,59.18,4.5,0
"202172220041_R08C01",2.12,0.81,1.1,7.14,1.73,3.37,3.52,4.82,20.11,53.1,0.65,0
"202172220060_R01C01",0,0.96,0,1.06,0,3.95,0,3.22,8.68,76.2,2.79,0.24
"202172220060_R02C01",0.45,0.47,0,0.65,0,11.41,0,5.35,16.66,56.89,6.01,0
"202172220060_R03C01",2.17,0,3.49,5.01,0.88,3.03,0.21,7.07,6.94,63.29,6.01,0
"202172220060_R04C01",0,0.37,1.18,13.34,0.38,6.27,2.78,0.4,2.53,70.58,0.2,0
"202172220060_R06C01",1.64,4.16,0.76,8.39,0.4,0.7,0.66,4.87,7.26,65.9,3.82,0
"202172220060_R07C01",0.01,2.28,2.34,0.86,0,3.48,0.71,4.18,9.56,71.93,2.53,0
"202172220060_R08C01",1.31,0.87,2.44,7.96,1.79,0.18,2.01,2.67,9.55,62.23,7.17,0
"202172220064_R01C01",0,0.29,0,7.48,0,7.77,0.26,2.77,5.78,71.63,2.1,0
"202172220064_R02C01",0.46,2.5,5.53,9.32,0.31,4.09,0,1.65,9.48,56.72,8.16,0
"202172220064_R03C01",1.71,1,2.65,9.55,0,4.93,0,2,7.87,67.44,1.94,0.13
"202172220064_R06C01",0,0.51,0,22.26,0,12.97,0,3.38,6.37,50.47,1.8,0
"202172220064_R07C01",0.03,1.86,1.17,22.91,0.55,2.9,3.57,1.78,4.22,55.34,4.28,0
"202172220064_R08C01",1,0.77,4.08,9.43,0.12,1.92,0.94,2.63,10.82,62.64,4.15,0
"202172220075_R01C01",0.88,0,0,5.7,0,8.47,0,1.7,6.39,71.08,2.4,0
"202172220075_R02C01",0,3.18,5.04,13.76,0.13,3.95,0,2.24,9.58,51.19,8.48,0
"202172220075_R03C01",0,0.4,0.41,7.83,3.08,7.92,1.41,3.51,6.85,61.33,5.16,0
"202172220075_R04C01",0,0,0,12.13,7.74,10.32,0,2.88,0.9,60.2,3.66,0
"202172220075_R05C01",0,5.55,8.97,8.99,0,12.42,0,4.77,10.01,38.98,7.03,0
"202172220075_R06C01",0,0.97,4.19,12.16,6.45,2.64,3.19,0.33,6.57,59.45,1.89,0
"202172220075_R07C01",2.29,0.13,2.93,9.31,5.2,4.46,0.73,5.41,6.55,58.24,3.53,0
"202172220075_R08C01",0,0.43,1.94,7.51,0.49,4.4,1,1.92,9.99,68.3,2.05,0
"202172220076_R01C01",2.74,0.45,2.89,2.07,0,2.25,0.7,1.43,9.26,73.1,3.4,0.36
"202172220076_R02C01",0,0.2,0,28.37,12.02,4.96,2.69,2.12,3.19,43.61,1.05,0
"202172220076_R03C01",0.22,0.23,0,3.82,0,7.23,0,5.9,7.63,71.66,0.56,0
"202172220076_R05C01",0.46,1.38,0.84,14.77,0.81,4.43,1.85,0.79,7.47,61.06,5.06,0
"202172220076_R06C01",0.67,1.6,0.01,7.08,0.12,7.32,1.32,1.92,10.07,64.03,3.75,0
"202172220076_R07C01",0.89,1.08,0,2.61,0,6.73,0,4.57,6.14,73.12,3.11,0.15
"202172220076_R08C01",1.09,0.89,0.93,5.9,2.44,2.63,1.35,0.49,6.65,74.84,1.76,0
"202172220095_R01C01",3.62,6.42,6.09,2.73,5.09,12.33,4.96,0,8.57,40.17,4.42,5.58
"202172220095_R02C01",1.04,2.92,2.88,10.26,2.22,7.28,0,9.55,7.64,48.24,6.1,0
"202172220095_R03C01",0.15,0.6,0.07,14.03,0.66,11.22,1.25,0.54,3.87,64.1,1.98,0
"202172220095_R04C01",0,1.37,0,14.28,0,13.66,0,3.37,4.01,58.51,2.76,0
"202172220095_R05C01",0.39,1.42,0,8.73,0.56,13.41,0,1.19,6.15,59.73,5.89,0
"202172220095_R06C01",1.39,0.39,0,1.47,0,10.61,0,4.51,8.13,70.28,0.64,0
"202172220095_R07C01",5.89,0,6.6,0.67,14.7,4.82,6.59,0.52,8.76,37.47,11.18,2.82
"202172220095_R08C01",0.26,1.12,1.44,8.22,2.36,3.56,1.76,0.43,1.93,75.19,2.26,0
"202172220111_R01C01",3.67,3.35,2.24,5.48,1.46,2.71,0.33,2.83,11.11,58.45,6.16,0
"202172220111_R02C01",6.11,0,6.91,5.38,2.63,16.15,1.52,0.67,8.23,44.62,3.82,3.95
"202172220111_R03C01",3.55,0,4.4,3.21,4.93,28.28,2.39,0,4.54,39.29,5.81,3.61
"202172220111_R04C01",0.42,1.47,0.05,4.05,0,2.78,0.21,2.23,6.75,73.7,5.94,0
"202172220111_R05C01",0,0.74,2.2,16.48,3.04,10.58,0.45,4.03,6.43,49.3,4.63,0
"202172220111_R06C01",4.9,1.14,7.9,9.68,4.54,14.2,2.52,0,5.7,32.96,7.83,8.63
"202172220111_R07C01",0.91,0.44,15.39,9.3,5.11,2.26,0.78,2.53,8.77,48.22,3.97,1.25
"202172220111_R08C01",0,1.4,2.82,10.77,0,6.91,1.32,0.35,7.98,58.17,7.97,0
"202172220123_R01C01",1.47,1.8,2.3,6.18,0,7.38,0,2.83,4.15,68.53,3.22,0
"202172220123_R02C01",5.1,1.9,1.14,12.96,0.18,4.8,2.69,2.97,15.19,48.46,1.49,0
"202172220123_R03C01",0.49,0.57,4.86,12.24,2.04,0.58,1.91,0.77,3.4,69.46,2.43,0
"202172220123_R04C01",1.53,0.55,3.36,11.9,0.3,1.89,2.61,1.48,8.56,61.21,5.53,0
"202172220123_R05C01",1.17,0.34,3.02,6.79,1.17,6.96,0.25,0.56,10.59,59.22,8.31,0.32
"202172220123_R06C01",0,2.96,3.07,32.86,10.47,5.94,5.38,0.76,1.93,30.21,4.82,0
"202172220123_R08C01",0,2.26,4.23,23.18,15,0,2.26,2.74,4.55,34.67,9.61,0
"202172220143_R01C01",4.87,1.61,3.24,9.11,0,6.88,0,3.51,8.27,58.27,3.68,0.28
"202172220143_R02C01",1.61,1.71,0,2.66,0,4.18,0,1.17,8.99,70.04,7.45,0
"202172220143_R03C01",0.64,0.84,0,12.03,0,5.04,3.78,0,16.66,56.3,2.54,0.5
"202172220143_R04C01",0,1.06,1.44,29.9,9.17,6.07,4.98,0,0.42,36.76,8.64,0
"202172220143_R05C01",1.9,0.66,0,8.55,0,0.04,1.19,6.75,8.79,70.54,0,0
"202172220143_R06C01",1.81,1.24,0.27,5.95,3.13,2.13,1.41,3.99,7.32,65.35,5.29,0
"202172220143_R07C01",0.2,1,0.06,7.65,1.35,3.9,2.83,0.7,9.61,69.36,1.65,0
"202172220143_R08C01",0.89,1.07,0.97,2.84,0,1.33,1.34,8.32,13.73,66.35,1.14,0.16
"202172220144_R01C01",0.3,0.88,2.49,20.41,6.94,2.49,3.41,2.06,5.52,45.05,9.03,0
"202172220144_R02C01",0.72,3.12,0.26,7.9,3.36,4.95,6.9,2.69,13.38,52.21,2.8,0
"202172220144_R03C01",0.92,1.09,2.53,7.12,4.55,13,1.95,3.9,3.41,55.68,4.48,0
"202172220144_R04C01",1.1,2.17,1.95,7.67,4.1,5.69,2.2,1.49,6.84,63.81,1.4,0
"202172220144_R06C01",0.47,17.99,0,2.36,0,0.31,1.39,2.23,10.36,59.58,1.34,0
"202172220144_R08C01",1.14,4.13,1.68,8.96,6.13,6.38,2.75,0.6,9.44,54.9,2.94,0
"202172220148_R01C01",1.57,0.51,0,3.68,0.02,1.32,0.06,4.75,8.33,73.71,4.12,0
"202172220148_R02C01",3.66,0.18,8.18,9.49,1.46,17.32,2.41,0,4.89,33.95,10.24,8.22
"202172220148_R03C01",0,3.62,0.73,17.31,2.16,16.88,1.18,0,1.03,50.38,4.6,0
"202172220148_R04C01",1.59,1.2,1.74,15.17,0,4.79,0,2.35,5.14,65.41,0.36,0.6
"202172220148_R06C01",0,6.62,3.81,9.92,0,3.91,0.77,1.17,5.03,63.91,2.45,0
"202172220148_R08C01",1.12,0.34,2.3,13.78,0.96,6.85,0,0.89,8.94,61.1,2.15,0
"202172220149_R01C01",0.04,2.78,6.62,20.77,2.43,4.52,1.29,3.28,4.01,45.92,6.41,0.15
"202172220149_R02C01",0.14,2.07,0.19,9.87,0.18,3.59,2.61,0.45,8.24,66.94,2.92,0.27
"202172220149_R03C01",0,0.82,0,3.91,0,16.87,0,1.65,9.99,61.94,2.24,0
"202172220149_R04C01",0.53,1.35,0.02,19.38,10.75,4.77,0,0.17,4.14,55.82,0.94,0
"202172220149_R05C01",4.24,0,3.31,24.37,16.35,15.64,12.47,0.35,4.64,18.34,0.29,0
"202172220149_R06C01",0.8,0.91,2.3,8.62,4.75,3.71,2.48,5.21,10.54,55.73,2.54,0
"202172220149_R07C01",1.1,0.64,0.46,16.42,4.59,0.84,1.58,0.97,8.36,56.38,7.2,0
"202172220149_R08C01",1.35,1.1,3.1,14.14,5.59,4.47,1.95,1.21,11.26,51.92,1.92,0
"202172220150_R01C01",0,0,0,1.16,0,9.47,0,0.5,3.61,82.71,0.01,0
"202172220150_R02C01",2.97,1.8,3.32,19.85,21.78,1.14,1.92,1.36,6.55,31.97,5.2,0
"202172220150_R03C01",0.55,0.89,1.78,11.25,1.91,0,2.7,0.85,9.13,68.56,0.55,0
"202172220150_R05C01",1.61,2.1,0,2.57,0,9.19,0.12,0.97,7.28,68.67,5.31,0
"202172220150_R06C01",0.05,1.53,3.27,15.23,4.12,3.78,1.1,0.47,5.74,59.13,3.22,0
"202172220150_R07C01",0.06,2,0,13.09,0,14.04,0,2.35,2.41,62.93,1.16,0
"202172220150_R08C01",0,0,4.05,2.8,0,15.41,0,3.2,10.9,56.46,4.45,0
"202172220154_R01C01",2.1,0,1.48,0,0,32.88,0,0,8.62,47.18,5.48,2.26
"202172220154_R02C01",3.24,0,4.93,1.85,2.56,18.59,1.11,0,5.67,54.65,3.3,4.1
"202172220154_R03C01",1.44,1.42,1.59,8.55,0,11.36,0,3.06,9.27,53.24,7.51,0
"202172220154_R04C01",0,1.58,0,6.73,0.08,5.74,2,0.83,3.43,74.91,2.77,0
"202172220154_R05C01",0.9,1.14,0,13.3,11.29,2.64,2.78,0.55,5.14,48.54,10.65,0
"202172220154_R06C01",0.01,3.76,2.13,8.23,2.63,7.99,2.36,3.88,10.31,55.42,1.28,0
"202172220154_R07C01",1.1,0.53,0,12.89,1.06,9.28,1.38,0.8,8.6,56.28,6.28,0
"202172220154_R08C01",1.2,1.89,1.24,4.66,0,6.41,0,1.04,2.45,70.68,8.31,0
"202172220158_R01C01",0.7,0.94,0,10.58,0,12.29,0,5.22,6.4,59.09,1.4,0.97
"202172220158_R02C01",4.52,0,4.87,3.55,15.21,18.97,1.53,0,5.53,28.44,13.28,4.11
"202172220158_R03C01",0.86,0.02,5.72,15.81,0.98,9.07,0,1.91,5.96,55.57,2.64,0
"202172220158_R04C01",1.91,0.28,1.11,10.48,1.01,4.1,0,2.16,12.24,60.77,3.7,0
"202172220158_R05C01",0.4,2.1,6.13,14.52,2.07,4.55,2.25,5.27,6.92,52.78,1.57,0
"202172220158_R06C01",0.06,2.07,4.89,14.68,0.71,8.35,0,3.17,5.4,53.93,4.85,0
"202172220158_R07C01",1.42,1.99,2.16,4.12,3.1,3.85,1.5,0,8.61,70.24,1.59,0
"202172220158_R08C01",0,0.55,0.68,17.14,3.75,3.73,2.12,0.92,3.6,65.66,0.4,0
"202163530061_R01C01",0,0.37,0,18.15,5.47,6.31,3.7,2.66,1.27,58.09,1.89,0
"202163530061_R02C01",1.52,0.98,0.65,2.7,3.26,2.1,0.78,1.51,5.92,73.44,4.72,0
"202163530061_R03C01",0,4.21,1.7,7.86,0,13.41,0,1.75,8.14,57.25,3.32,0
"202163530061_R04C01",4.95,0,7.04,10.13,2.88,11.05,1.69,0.22,7.62,47.1,1.94,5.39
"202163530061_R05C01",0,1.91,2.67,10.1,1.07,1.07,2.64,1.1,9.39,63.08,5.44,0
"202163530061_R06C01",2.2,0.09,0.69,13.23,0,1.33,0.46,6.07,6.96,60.24,6.97,0
"202163530061_R07C01",0,1.23,1.33,9.25,0,19.12,0,0.68,8.75,54.77,2.26,0
"202163530061_R08C01",2.91,0,5.25,5.47,4.97,9.41,3.37,0,4.4,55.1,3.17,5.95
"202163530097_R01C01",0.78,1.43,0,10.48,0.86,6.5,1.71,1.44,9.42,54.78,10.77,0
"202163530097_R02C01",0,1.71,0,8.46,0,4.88,0.86,0,9.01,71.92,1.51,0
"202163530097_R03C01",0.44,0.39,0.86,6.37,3.16,10.92,0,1.46,9.72,57.59,6.89,0
"202163530097_R04C01",2.14,0.32,4.91,5.52,6.21,4.32,4.14,5.6,8.73,50.66,5.24,0
"202163530097_R05C01",4.22,0,4.18,9.87,6.03,32.34,0.47,0,6.22,29.78,3.74,3.15
"202163530097_R06C01",0.51,2.75,1.49,7.87,0,3.2,0.32,2.53,11.79,61.41,5.26,0
"202163530097_R07C01",1.7,0.02,12.87,3.1,4.17,3.13,0.19,2.16,8.87,57.88,3.74,0
"202163530097_R08C01",3.47,0,2.66,1.76,3.79,14.25,1.58,0,10.29,57.74,2.15,2.32
"202163530102_R01C01",0.69,0.89,1.73,8.35,1.94,16.21,0.83,1.91,6.29,55.15,4.04,0
"202163530102_R03C01",0.87,0.41,0,5.83,0,16.82,0,3.6,8.11,61.7,1.05,0
"202163530102_R05C01",0.5,0.07,6.34,9.93,0.17,5.67,0.27,6.55,5.6,60.65,1.86,0
"202163530102_R06C01",0,3.98,0.67,2.04,0,1.53,0.79,1.7,7.85,76.85,1.17,0.8
"202163530102_R07C01",1.81,1.54,2.33,8.37,2.68,4.98,1.91,4.3,4.06,64.35,2.2,0
"202163530102_R08C01",0,1.95,2.7,8.07,3.76,4.64,3.46,2.79,7.19,62.64,0.88,0.04
"202163530136_R01C01",4.9,3.51,7.75,1.83,5.05,15.38,1.89,0,8.81,41.13,4.3,5.45
"202163530136_R02C01",5.04,0,6.84,4.42,12.2,14.4,3.11,0,9.9,27.6,7.3,9.19
"202163530136_R03C01",3.03,0,8.27,3.32,9.85,16.54,3.14,0,4.34,35.82,8.97,6.71
"202163530136_R04C01",0.36,0.43,3.27,9.73,6.67,2.24,3.93,3.71,19.15,46.73,1.23,0.75
"202163530136_R05C01",0.23,0.97,0.4,5.08,7.81,8.83,4.73,1.8,7.99,56.51,3.61,0
"202163530136_R07C01",0.25,0.76,0.73,2.93,0,4.86,0,1.34,8.07,76.08,2.4,0
"202163530136_R08C01",4.46,0,3.19,0,2.38,14.31,0,0,6.27,59.72,4.49,5.19
"202163530138_R03C01",0.71,0.85,1.52,10.3,1.09,3.06,1.26,3.51,10.65,59.96,4.1,0.87
"202163530138_R04C01",1.6,0.59,3.36,9.01,0.04,3.71,0,6.48,13.71,53.57,5.05,0.67
"202163530138_R05C01",0.81,0.58,0.07,5.34,2.82,14.5,0.55,3.14,5.69,60.26,3.9,0
"202163530138_R06C01",0.42,1.92,1.07,11.66,0,3.16,0.39,3.26,6.47,64.29,4.64,0
"202163530138_R07C01",1.37,2.33,3.15,11.17,2,5.29,1.01,1.82,8.8,54.1,6.76,0
"202163530138_R08C01",2.15,0,1.02,7.06,0.31,4.17,0,0.63,12.7,63.23,5.82,0
"202176290010_R01C01",0.86,0.39,1.09,12.57,10.58,2.65,1.44,4.91,5.84,53.16,4.78,0
"202176290010_R04C01",0,0.86,5.35,15.06,2.32,10.87,0,1.6,9.49,48.52,3.71,0
"202176290010_R05C01",1.8,1.51,0,1.55,0,3.31,0.97,1.82,6.89,78.07,1.38,0
"202176290010_R06C01",0.85,0.52,0.14,2.61,0,2.59,0,3.83,8.63,71.85,6.91,0
"202176290010_R07C01",0.45,0.22,0.42,15.25,2.6,3.7,1,0.66,4.03,62.28,7.04,0.38
"202176290010_R08C01",1.42,1.37,2.45,1.83,0.85,1.01,0.28,0.28,5.87,80.39,1.46,0.92
"202176290023_R01C01",1.88,1.56,1.61,8.14,1.4,5.07,0.17,4.27,13.68,60.07,0.04,0
"202176290023_R02C01",0,0.79,3.07,13.43,2.08,2.95,0,1.97,6.37,64.06,2.05,0
"202176290023_R03C01",1.34,1.37,1.26,3.54,0.89,0.77,0.49,0.79,5.56,75.34,6.01,0.45
"202176290023_R04C01",0,1.57,1.12,7.05,0,13.25,0,1.5,6.41,62.01,4.54,0
"202176290023_R05C01",0.58,0.45,4.47,20.89,4.71,6.44,2.72,2.52,3.14,48.84,3.18,0
"202176290023_R06C01",1.12,0.92,4.27,6.16,0.98,2.49,0.61,3.47,9.15,64.74,3.9,0
"202176290023_R07C01",0,0.73,3.65,17.97,7.03,6.53,0,2.11,4.8,49.91,5.32,0
"202176290023_R08C01",0,1.37,2.5,12.53,7.1,1.73,3.99,1.64,5.91,60.2,0.81,0
"202172220016_R01C01",3.55,0,3.5,27.93,3.32,18.09,4.13,0,5.75,31.21,0,2.51
"202172220016_R02C01",1.58,0.34,4.1,5.18,2.29,3.64,0,1.8,8.63,66.24,4.87,0
"202172220016_R03C01",0.38,1.84,0.45,12.28,0,6.62,0,2.19,9.56,59.1,6.08,0
"202172220016_R04C01",1,0.04,2.54,7.83,3.34,0.42,0.67,1.34,10.79,66.39,4.75,0
"202172220016_R05C01",0.67,0.87,3.36,18.48,0.2,4.43,0,3.93,10.9,48.66,7.67,0
"202172220016_R06C01",0,1.22,0,10.46,0,7.92,0,0.7,6.06,70.89,2.08,0
"202172220016_R07C01",2.06,0.42,0.59,7.95,2.88,5.66,0,1.54,8.47,65.94,4.17,0
"202172220018_R01C01",0.19,2.87,1.92,23.04,0,6.34,5.37,2.84,4.73,47.92,3.3,0
"202172220018_R02C01",0.03,1.42,0,10.43,2.03,12.48,0,9.05,11.06,47.64,3.44,0
"202172220018_R03C01",2.27,0.84,1.53,7.19,0.16,1.48,0.32,3.29,10.75,68.09,1.62,1.06
"202172220018_R04C01",0,1.84,0.83,3.89,0,5.07,0,4.18,4.56,66.76,11.45,0
"202172220018_R05C01",2.64,1.86,1.8,11.76,0.55,5.99,2.46,3.21,7.41,59.32,2.61,0
"202172220018_R06C01",0,1.19,6.41,22.64,7.24,2.72,3.74,2.3,1.83,49.8,0.86,0
"202172220018_R07C01",3.37,1.91,2.11,8.65,0,6.56,0.76,1.92,9.48,63.51,1.39,0
"202172220018_R08C01",0.43,0,1.36,9.28,0,4.82,1.03,1.82,1.74,75.24,2.52,0
"202172220033_R01C01",0.75,2.06,0.94,17.42,6.08,5.58,1.75,1.54,3.83,57.68,1.1,0
"202172220033_R02C01",0,1.66,0,5.36,0,3.45,0.97,0.74,7.34,76.2,2.67,0
"202172220033_R03C01",1.25,0.29,4.14,14.25,5.29,0.77,0.63,3.71,6.88,48.65,13.23,0
"202172220033_R04C01",0.43,1.01,0.11,14.43,6.62,4.65,4.17,2.23,10.51,47.05,7.03,0
"202172220033_R05C01",0.57,0.44,0,2.13,0,3.56,1.58,1.52,12.8,74.62,1.48,0
"202172220033_R06C01",0.47,2.56,2.01,2.18,0,7.49,0,4.43,11.63,65.53,2.66,0
"202172220033_R08C01",0.39,1.65,0.56,14.33,15.99,3.8,2,3.18,1.97,51.87,4.12,0
"202172220109_R01C01",1.04,1.23,5.11,16.72,11.69,6.12,0,3.02,14.47,36.96,2.68,0
"202172220109_R02C01",0,0.03,0,0,0,16.27,0,0,0,73.27,7.73,0
"202172220109_R03C01",0,1.34,1.28,5.6,0,19.03,0,1.52,8.3,58.37,3.26,0
"202172220109_R04C01",1.06,0.54,2.92,7.14,0,1.26,1.65,4.02,12.3,67.17,1.13,0.17
"202172220109_R05C01",0.46,2.09,2.75,11.77,0.6,13.97,0.33,3.63,10.41,47.29,5.07,0
"202172220109_R06C01",2.01,0.86,0.45,4.14,0,3.97,0.04,4.18,11.04,63.8,8.07,0
"202172220109_R07C01",0,1.14,0,10.63,0,8.51,0,1.86,8.27,63.69,3.54,0
"202172220109_R08C01",0,13.57,0,11.74,1.82,0.95,0,2.65,9.09,56.7,1.47,0
"202172220142_R01C01",0.98,0.95,3.9,7.54,2.76,1.2,1.01,2.01,9.45,63.06,5.75,0
"202172220142_R02C01",2.19,1.56,2.86,8.23,4.11,3.25,1.7,2.15,9.37,53.9,9.05,0
"202172220142_R03C01",2.29,1.37,4.49,14.72,0,8.99,0.72,0.77,7.05,56.79,2.08,0
"202172220142_R05C01",5.85,1.27,2.99,6.88,5.86,2.47,4.66,2.58,4.74,58.68,3.5,0.52
"202172220142_R07C01",3.74,0.73,3.61,6.25,0,3.09,0.28,3.31,10.93,62.15,5.49,0
"202172220173_R01C01",0.23,1.86,1.16,14.3,0.23,6.7,0.74,0.1,5.93,58.81,8.88,0
"202172220173_R02C01",0.16,0.21,0,8.21,0,10.44,0,2.34,10.33,61.5,5.07,0
"202172220173_R03C01",0,0.32,0,1.48,0,4.8,0,0,8.42,80.98,2.23,0
"202172220173_R04C01",0.65,0.69,1.77,26.74,3.98,10.52,4.01,0.01,1.38,48.67,0.63,0
"202172220173_R05C01",0.61,0.59,0,0.11,0,6.72,0,0.11,8.24,80.33,1.38,0.08
"202172220173_R06C01",1.61,1.65,2.89,35.55,12.41,4,2.49,0.33,1.9,36.67,0.43,0
"202172220173_R07C01",0,1.65,0.24,7.21,0,9.74,0,2.58,11.34,60.41,5.9,0
"202172220173_R08C01",2.82,0.64,1.74,5.38,1.98,0,0.55,2.42,9.75,72.72,1.54,0
"202172220178_R01C01",0,1.75,0,9.39,0,12.32,0,2.41,4.23,62.45,5.76,0
"202172220178_R02C01",0.05,0.23,0,25.25,3.48,2.59,1.28,3.31,2.89,57.38,2.06,0
"202172220178_R03C01",0.27,1.12,1.13,4.01,0,3.98,0,1.22,9.52,70.72,5.96,0
"202172220178_R04C01",0,1.78,7.43,13.2,8.42,6.49,1.17,4.93,3.57,49.81,2.03,0
"202172220178_R05C01",0.82,0.66,1.96,11.54,8.67,1.14,3.9,5.45,7.4,51.07,6.37,0
"202172220178_R06C01",1.43,2.47,0,2.63,0.29,7.76,0,2.68,8.2,67.25,5.18,0
"202172220178_R07C01",0.8,2.1,6.22,12.31,2.22,1.14,0.74,1.65,7.99,58.64,5.43,0
"202172220184_R01C01",4.3,0,8.38,0,4.72,17.98,1.59,0,12.22,41.78,3.91,5.12
"202172220184_R02C01",0.66,0.86,3.03,11.59,0,4.74,0.38,4.2,11.03,57.57,3.97,0
"202172220184_R03C01",1.35,3.03,3.89,11.87,0,12.08,0,1.55,9.63,51.75,4.1,0
"202172220184_R04C01",0.82,0.66,0.9,5.34,0.05,3.99,1.03,4.54,6.5,73.6,1.14,0
"202172220184_R05C01",0,1.62,0.5,31.76,1.59,15.23,1.01,1.66,3.16,39.72,2.57,0
"202172220184_R06C01",2.05,7.78,4.11,0.29,4.39,15.25,0,0,8.16,52.03,3.73,2.2
"202172220184_R07C01",0,1.69,2.71,30.04,4.56,7.31,7.08,2.17,1.54,38.15,2.98,0
"202172220184_R08C01",0,0.41,2.02,11.13,4.58,10.87,0.77,1.48,3.79,60.96,3.1,0
"202163530054_R01C01",0.54,0.9,0.22,4.03,0,0,0.03,3.35,5.44,76.76,7.57,0
"202163530054_R02C01",0.51,0.96,0.2,2.29,0,8.12,0,0.27,7.74,74.24,3.92,0
"202163530054_R03C01",0.65,0,9.47,27.99,0,4.45,0,2.69,7.15,38.43,8.29,0
"202163530054_R04C01",0,0.87,0.49,7.28,0.25,3.6,1.68,1.04,4.91,76.48,1.8,0
"202163530054_R05C01",2.14,0.2,0,2.31,1.31,4.32,0.57,3.71,8.53,74.02,1.74,0
"202163530054_R06C01",0.3,3.08,0.06,7.53,0,15.07,0,0.19,11.8,55.17,4.84,0
"202163530054_R07C01",1.28,0,5.39,0,1.6,27.21,0,0,7.58,47.06,5.32,4.56
"202163530054_R08C01",1.27,1.12,2.16,13.65,0,3.13,2.02,0,8.74,63.28,3.05,0
"202163530062_R02C01",0.7,0.6,0,25.73,2.12,7.08,3.41,0.59,1.08,55.75,1.45,0
"202163530062_R04C01",0.84,0.3,3.48,5.2,5.33,1.88,2.28,4.85,7.63,62.2,4,0
"202163530062_R05C01",0,1.57,1.44,12.65,1.63,11.93,1.61,2.58,6.61,52.49,6.52,0
"202163530062_R06C01",1.25,0.58,1.64,9.55,9.03,2.02,0.88,2.54,3.85,63.82,3.93,0
"202163530062_R07C01",2.36,1.87,0,17.04,2.63,14.07,2.15,0,7.42,48.29,3.28,0
"202163530062_R08C01",0.3,3.06,0.8,4.09,0,3.58,0.72,2.89,11.84,56.89,13.63,0
"202163530075_R01C01",0.88,1.14,1.25,9.56,6.01,4.22,1.56,1.12,5.4,67.42,1.02,0
"202163530075_R03C01",2.26,0.74,1.34,6.67,1.24,1.62,0.58,0.47,9.69,72.1,3.21,0
"202163530075_R04C01",2.05,0.61,3.13,7.72,6.48,4.14,1.5,4.71,5.28,58.06,5.05,0
"202163530075_R05C01",0,5.87,1.28,24.16,0.89,15.98,0.09,0.45,2.49,46.14,2.13,0
"202163530075_R06C01",0,1.43,4.3,29.06,6.65,11.22,1.86,0.81,3.37,34.93,5.16,0
"202163530075_R07C01",0.22,1.44,0.34,5.23,0.97,0.57,1.9,0.17,9.38,77.12,2.21,0.23
"202163530075_R08C01",0.89,1.28,3.58,18.98,7.17,2.97,1.82,0.57,3.08,56.6,3.07,0
"202163530080_R01C01",1.95,1.12,0.53,3.95,1.88,1.35,1.18,4.42,9.26,66.9,6.23,0.15
"202163530080_R02C01",0.48,1.34,1.32,7.02,1.62,14.4,0,3.09,8,53.79,8.57,0
"202163530080_R04C01",1.5,1.12,0,10.35,1.43,1.48,2.6,3.46,9.91,66.4,1.01,0
"202163530080_R07C01",0,2.33,1.61,12.86,8.38,6.17,5.16,3.69,2.78,52.29,3.81,0
"202163530080_R08C01",0.31,1.59,6.51,15.72,6.24,3.39,5.14,1.83,7.81,49.26,1.27,0
"202163530088_R01C01",2.04,1.78,2.82,6.8,4.64,0,2.14,1.27,3.51,63.97,9.9,0
"202163530088_R05C01",0.37,0.36,4.88,7.92,0,10.88,0,6.09,6.53,58.61,2.5,0
"202163530088_R08C01",0,1.84,5.52,16.98,0.28,13.5,0,1.83,8.1,45.07,5.6,0
"202163530089_R01C01",0.61,1.29,1.07,7.34,1.85,0.5,2.31,7.41,11.28,63.48,1.36,0
"202163530089_R02C01",1.18,2.72,3.89,16.2,0,7.45,3.07,3.38,9.72,50.01,1.66,0
"202163530089_R03C01",0,1.13,1.24,13.45,4,7.04,0.26,1.83,5.39,59.53,4.91,0
"202163530089_R04C01",1.57,1.53,2.04,8.76,5.18,3.71,2.76,4.6,10.11,57.28,1.49,0
"202163530089_R05C01",0.88,1.25,3.16,4.63,0.27,4.23,1.26,2.47,7.85,62.22,10.27,0
"202163530089_R06C01",1.01,2.97,0,5.87,0,13.98,0,2.75,12.15,48.92,10.58,0
"202163530089_R08C01",0,3.37,0,6.7,1.76,14.16,0.19,3.98,7.66,53.73,5.89,0
"202163530099_R01C01",5.24,0,3.95,14.88,6.16,21.58,2.69,0.44,6.94,33.4,1.8,2.91
"202163530099_R02C01",0,3,0.37,14.7,1.23,10.12,1.63,0,4.62,59.02,4.17,0
"202163530099_R03C01",0,1.19,4.29,7.95,2.78,10.4,5.27,4.91,6.94,49.91,5.24,0
"202163530099_R04C01",4.8,0,13.17,9.09,4.33,17.61,0.95,0,5.76,32.24,5.45,6.61
"202163530099_R06C01",0,0,0,5.59,0,6.51,0.54,1.88,7.57,73.36,2.51,0
"202163530099_R07C01",1.59,0.3,0.78,17.94,0.33,4.8,2.73,2.06,6.81,59.23,2.16,0
"202163530099_R08C01",1.18,0.82,0,4.34,0.35,8.82,0,1.03,7.43,73.93,0.9,0
"202163530137_R01C01",0,1.61,0,11.92,0,21.48,0,0,6.26,54.21,2.58,0
"202163530137_R02C01",1.78,3.89,2.13,5.77,2.48,6.57,0.13,6.31,9.12,57.6,3.4,0
"202163530137_R03C01",0.45,0.77,0.24,8.51,0.41,2.97,2.68,0,3.42,75.95,3.12,0
"202163530137_R04C01",1.63,1.48,1.97,6.57,2.37,12.79,0,0,9.24,59.6,3.75,0
"202163530137_R05C01",1.06,0.4,0,4.84,0,13.67,0,1.39,4.1,71.25,1.78,0
"202163530137_R06C01",0.32,0.71,3.76,9.07,5.72,4.61,0.87,2.57,9.96,57.89,3.25,0
"202163530137_R07C01",1.55,2.4,2.54,11.87,2.8,2.03,0.64,0.54,9.07,60.92,4.85,0
"202176290020_R01C01",0,1.34,0,4.26,0,15.73,0,1.5,8.43,66.05,1.19,0
"202176290020_R02C01",1.71,3.35,2.14,14.28,1.95,1.17,2.24,4.99,5.05,58.73,3.31,0
"202176290020_R03C01",3.49,0,3.24,0,0,34.77,0,0.26,7.78,34.47,12.9,3.09
"202176290020_R04C01",0.98,3.96,5.55,7.55,3.04,6.77,2.65,0.57,4.68,60.77,2.44,0.51
"202176290020_R05C01",0.19,0.09,1.38,11.63,3.43,2.9,4.48,3.17,5.73,64.1,0.94,0
"202176290020_R06C01",2.24,1.17,0,22.7,0,10.12,0.49,8.91,7.28,39.2,6.06,0
"202176290020_R07C01",0,0.55,0.29,11.8,0.4,18.35,0,0,2.87,60.85,2.87,0
"202176290037_R01C01",1.53,1.49,3.88,7.91,0,0.81,4.46,6.28,14.84,49.62,7.56,0
"202176290037_R02C01",1.2,1.71,0,7.62,0,8.13,0.07,4.84,15.2,55.97,3.23,0
"202176290037_R03C01",1.29,0.88,0,22.16,0,9.07,0.77,0,1.13,63.67,0,0
"202176290037_R04C01",0.98,1.21,2.7,8.3,4.54,0.29,1.94,0,5.26,72.37,1.86,0
"202176290037_R05C01",1.94,1.41,1.73,13.45,3.5,4.88,3.25,3.67,7.46,55.11,1.09,1.07
"202176290037_R06C01",1.73,0.45,2.4,6.52,0,1.82,0.56,4.28,9.57,64.96,4.86,1.15
"202176290037_R07C01",0,0.8,0,9.76,0,13.16,0,0,8.35,60.86,4.92,0.59
"202176290037_R08C01",1.19,2.11,0.67,16.22,0,13.36,3.45,0.4,9.5,48.23,3.15,0
"202176290040_R01C01",3.98,0,7.52,20.31,7.11,15.83,6.97,0.04,6.28,23.95,1.95,6.06
"202176290040_R02C01",1.85,1.14,0.97,6.75,0,5.06,3.05,1.55,5.76,66.32,5.07,1.07
"202176290040_R03C01",0.54,1.08,0.79,8.02,0,7.71,0.11,4.2,4.49,70.18,1.21,0.1
"202176290040_R04C01",0.53,1.89,4.57,24.25,3.28,2.21,0.92,0.67,1.43,56.26,1.69,0.84
"202176290040_R05C01",1.36,1.56,1.83,15.88,0,2.97,1.11,0.88,6.12,56.7,10.06,0
"202176290040_R06C01",1.69,1.22,0.3,7.79,0,5.83,0.41,2.2,5.03,68.18,5.02,0.7
"202176290040_R07C01",0,2.91,0,6.48,0,10.39,0.43,0.87,7.04,67.5,2.18,0
"202176290040_R08C01",1.13,2.13,2.08,12.09,8.61,3.7,4.88,2.64,6.73,53.68,1.56,0
"202163550181_R01C01",4.11,0.22,4.89,4.03,1.56,19.92,1.2,0.21,8.26,48.35,2.49,4.76
"202163550181_R02C01",1.52,1.69,2.22,16.2,2.28,5.88,5.17,1.14,5.88,55.03,1.78,0
"202163550181_R03C01",1.05,3.03,5.18,12.1,10.94,9.87,2.86,0.92,6.89,40.73,4.97,0
"202163550181_R04C01",1.06,1.94,1.25,9.66,0.24,4.44,2.03,5.11,5.58,65.53,1.46,0
"202163550181_R05C01",0,0.38,0.87,24.17,12.32,8.36,3.52,0.52,2.53,42.7,3.38,0
"202163550181_R06C01",0,0.61,0,3.61,0,5.18,2.72,1.93,6.74,75.11,1.27,0
"202163550181_R07C01",1.14,0.4,2.58,11.5,0.14,3.62,1.12,3.47,8.85,59.62,6.01,0.04
"202163550181_R08C01",1.87,1.77,4.93,11.88,1.96,5.11,1.46,3.67,6.69,55.14,3.18,0.75
"202163550183_R01C01",1.71,2.54,0.69,1.44,0,2.7,3.73,4.13,9.04,68.12,4.43,0
"202163550183_R03C01",0,0.37,0,3.16,0,11,0,3.3,8.82,65.26,5.97,0
"202163550183_R04C01",1.58,1.41,1.58,12.12,0,7.3,0.77,2.56,8.83,61.08,2.05,0
"202163550183_R05C01",1.65,2.88,0.04,12.31,3.79,5.02,2.18,0.92,6.37,62.43,1.9,0
"202163550183_R06C01",2.4,2.34,0,9.04,0,7.24,0,0.19,8.38,62.3,6.58,0
"202163550183_R07C01",3.01,0.4,4.28,7.47,1.47,3.9,0.39,0.89,5.54,63.33,8.52,0
"202163550183_R08C01",0.37,1.2,0.21,2.16,0,13.75,0,0.52,11.56,65.01,3.1,0
"202176300122_R01C01",0,0.57,3.18,20.93,10.23,2.96,2.91,2.23,6.36,44.96,3.81,0
"202176300122_R03C01",0.38,1.23,0.49,13.99,0,5.64,1.86,1.86,5.49,64.91,3.09,0
"202176300122_R04C01",4.14,0.12,6.23,0,5.44,39.41,0,1.63,6.71,26.78,6.64,2.9
"202176300122_R06C01",2.41,1.58,0,12.6,2.49,10.03,0,0.09,7.96,59.44,3.01,0
"202176300122_R07C01",1.97,0.76,0.91,11.78,1.81,5.32,4.41,3.61,4.16,61.45,3.26,0
"202176300122_R08C01",0.72,1.04,1.75,4.42,0,3.05,1.29,0,13.11,67.18,5.84,0
"202178770015_R01C01",1.8,0.71,1.65,5.07,0,0.49,0.56,1.44,9.19,77.37,0.69,0
"202178770015_R02C01",0,0.9,0.98,22.43,11.13,15.26,6.73,2.97,0.94,32.01,5,0
"202178770015_R03C01",0,1.3,4.47,13.8,0,10.83,1.93,3.72,6.69,54.75,1.06,0.43
"202178770015_R04C01",1.7,1.23,1.7,18.43,7.33,3.5,2.3,2.79,2.59,56.09,1.74,0
"202178770015_R05C01",0.7,1.16,8.41,25.14,3.72,6.22,3.77,0.61,1.26,47.47,0.43,0
"202178770015_R06C01",0.76,1.58,1.1,7.77,3.52,10.81,3.98,2.85,11.25,47.56,7.32,0
"202178770015_R07C01",0,1.48,1.59,14.48,1.85,7.14,4.3,5.17,7.26,52.52,3.13,0
"202193490046_R01C01",1.81,2.66,2.66,10.02,5.02,5.98,2.7,3.43,9.54,43.65,11.71,0
"202193490046_R02C01",0.96,2.78,4.73,10.02,3.31,1.87,4.56,2.55,8.22,57.13,3.2,0
"202193490046_R03C01",2.24,1.58,4.36,13.64,3.69,2.01,4.79,4.54,9.54,51.02,1.21,1.22
"202193490046_R04C01",1.21,1.4,4.34,12.59,1.82,2.82,3.45,9.2,6.69,49.7,5.75,0
"202193490046_R05C01",0.4,0.99,0,0.54,0,0.6,0.34,0,11.46,82.82,0.11,0
"202193490046_R06C01",0.36,0.1,0,3.38,0,3.04,0,0,5.64,84.83,1,0
"202193490046_R07C01",6.12,0,6.13,1.87,1.77,31.85,0,0.83,5.68,31.13,9.74,4.86
"202193490046_R08C01",1.39,1.37,0,3.99,0,2.01,1.18,0.99,5.22,82.08,0.37,0
"203751380009_R01C01",0.38,5.44,6.53,10.45,6.87,1.95,4.45,2.72,5.47,52.37,1.23,1.22
"203751380009_R02C01",0.73,0.78,4.22,15.42,4.66,5.56,2.16,2.99,7.94,49.97,4.27,0
"203751380009_R03C01",0.37,0.04,2.35,14.6,0,19.44,0,4.73,9,45.31,2.08,0
"203751380009_R04C01",0,0,0,1.13,0,1.13,0.14,0,0.53,93.68,0.81,0
"203751380009_R05C01",1.65,1.27,2.4,26.05,3.98,8.28,1.14,0.11,4.14,45.88,4.27,0
"203751380009_R06C01",0.17,1.9,0.78,14.3,5.31,5.58,1.11,2.1,4.43,56.29,6.77,0
"203751380009_R07C01",0.18,3.48,1.07,14.46,7.47,10.7,1.15,1.29,5.17,50.21,3.68,0
"203751380009_R08C01",0.64,0.73,6.11,3.98,0,0.71,0,1.66,12.17,66.07,6.54,0
"203723050015_R02C01",4.51,0,4.48,2.84,0.82,0,6.9,0,6.48,70.05,2.16,1.76
"203723050015_R03C01",0,3.05,0.77,3.84,0,14.22,0,0,5.41,67.21,3.69,0.07
"203723050015_R05C01",0,1.75,2.42,7.31,0,4.03,0.56,4.28,8.26,65.9,3.67,1.42
"203723050015_R06C01",1.04,3.93,2.16,7.06,1.47,7.63,0.44,3.56,6.03,55.3,10.03,0
"203723050015_R07C01",2.82,0.44,1.49,7.27,0,3.48,0.6,2.98,8.61,70.3,0.88,0
"203723050015_R08C01",2.2,0.55,1.28,8.4,4.54,5.46,1.22,0,10.49,65.19,0.66,0
"203723180026_R01C01",3.26,0,1.14,1.24,2.38,5.18,2.24,10.4,7.64,59.5,2.81,0
"203723180026_R02C01",0,0.16,1.99,4,0,8.37,0,1.52,10.27,69.13,2.76,0
"203723180026_R03C01",0,0.23,0,3.52,0,23.47,0,5.01,12.08,47.04,6.12,0
"203723180026_R04C01",1.3,0.76,9.86,16.44,3.7,2.14,3.24,2.65,5.63,51.74,2.35,0.02
"203723180026_R05C01",1.08,0.15,0,6.8,0,7.73,0,6.36,8.21,67.45,0,0
"203723180026_R07C01",0,1.62,2.69,21.72,7.23,14.52,8.16,2.46,3.52,26.31,10.91,0
"203723180026_R08C01",0,6.13,4.46,13.09,0,8.84,0,3.74,7.89,46.67,8.15,0
"203752100034_R01C01",0,0.58,3.29,8.06,7.51,1.77,1.09,3.21,5.85,62.71,4.28,0
"203752100034_R02C01",1.84,0.35,4.84,4.98,0,1.76,0.97,9.71,9.62,59.17,4.58,0
"203752100034_R03C01",0,2.04,3.08,15.33,1.34,12.34,0,2.97,8.6,45.81,6.14,0
"203752100034_R04C01",0.65,1.94,2.67,1.4,0.14,2.46,0.12,2.61,10.93,72.03,3.02,0.23
"203752100034_R05C01",0.38,0,2.18,22.68,0,4.99,1.17,2.77,5.57,55,3.6,0
"203752100034_R06C01",0,0.63,0.29,12.38,3.76,0.38,2.08,0,1.94,74.23,2.62,0.71
"203752100034_R07C01",1.47,2.29,6.21,12.41,0,20.18,0,0.72,10.09,41.83,3.74,0
"203752100034_R08C01",1.77,6.15,6.66,9.51,3.84,5.34,0,0.49,5.73,55.72,3.75,0
"203751380037_R01C01",2.25,0.55,0,5.42,2.04,4.64,0,3.58,11.68,60.32,7.47,0
"203751380037_R02C01",0.8,0.56,0,4.37,0.23,3.02,0.43,3.55,19.57,61.16,2.85,0
"203751380037_R03C01",0.19,1.61,1.09,5.8,0.4,0.53,1.7,0.98,7.22,73.12,5.76,0
"203751380037_R04C01",0,2.01,0,11.99,0.23,9.42,0.29,1.72,6.18,60.71,6.36,0
"203751380037_R05C01",0.9,2.19,1.17,20.46,2.24,10.9,0.01,0.02,8.47,48,3.57,0
"203751380037_R06C01",0.54,0,9.49,5.13,0,2.94,0,4.38,12.25,62.44,1.25,0
"203751380037_R07C01",1.11,2.96,0.88,1.58,0,7.16,0,0.82,9.79,69.16,4.72,0
"203723060038_R01C01",1.97,1.42,0.28,3.38,0.12,8.49,0.09,0,9.13,67.97,5.07,0
"203723060038_R02C01",1.29,0,4.3,8.01,0.38,3.81,0.68,4.12,11.11,61.45,2.72,0
"203723060038_R03C01",0,0.46,0,3.08,0,8.37,0,3.5,12.03,63.05,7.1,0
"203723060038_R04C01",5.73,2.12,0,1.97,0.03,1.29,0.45,6.64,10.31,67.42,1.4,2.16
"203723060038_R05C01",2.56,2.32,0,15.12,0,6.81,0,1.83,1.64,66.52,1.85,0
"203723060038_R06C01",0.71,1.59,2.41,8.75,1.3,5.4,1.98,2.48,6.92,64.87,1.86,0.97
"203723060038_R07C01",1.05,1.31,1.01,10.19,0,12.82,0,3.19,7.91,57.09,4.36,0
"203723060038_R08C01",0,2.52,0.81,4.84,0,5.71,0,0.9,7.73,74.16,1.59,0
"203752100046_R01C01",0.36,0.68,0.86,22.03,0,10.23,0,0,6.52,50.85,6.9,0
"203752100046_R02C01",0,1.77,0,11.94,5.54,10.01,1.24,3.35,6.34,55.81,2.32,0
"203752100046_R03C01",0.06,0.7,0.16,9.14,0.61,3.33,1.77,0.88,3.62,75.64,1.74,0
"203752100046_R04C01",5.6,0,4.52,0,0.61,18.44,1.04,0,10.79,50.03,6.21,2.76
"203752100046_R05C01",2.96,0,2.37,0,0,28.84,0,0,10.22,39.97,11.27,4.37
"203752100046_R07C01",0.96,1.12,0.4,10.85,5.65,12.42,4.94,0.15,5.66,52.92,3.98,0
"203752100046_R08C01",1.65,0.6,2.29,9.84,1.34,1.29,7.24,1.87,9.18,62.35,1.33,0.14
"203752100047_R01C01",0,0.31,2.04,16.67,10.9,2.03,2.48,4.47,8.61,39.79,9.74,1.33
"203752100047_R02C01",1.7,2.82,0.75,33.92,1.04,3.31,4.05,3.22,1.86,40.37,5.61,0.45
"203752100047_R03C01",0,1.5,0.11,7.84,0.44,4.59,0.9,0.06,12,69.68,0.46,0
"203752100047_R04C01",0.02,2.44,4.97,23.86,1.91,8.13,4.62,0.9,2.24,44.29,5.45,0
"203752100047_R05C01",0.25,2.53,3.51,12.15,5.78,5.13,2.07,2.72,2.66,56.34,5.35,0
"203752100047_R06C01",0.36,0.72,1.92,11.97,10.34,5.83,2.8,1.2,2.57,58.66,2.64,0
"203752100047_R07C01",0,6.98,2.08,14.2,8.42,11.05,1.37,1.22,8.74,39.94,4.82,0
"203752100047_R08C01",1.29,1.35,2.88,16.52,4.5,2.52,2.31,2.72,9.34,51.65,3.97,0.37
"203752100054_R01C01",3.82,1.85,2.24,14.97,2.74,4.8,3.21,3.17,10.8,49.67,2.27,0
"203752100054_R02C01",0.82,0.08,0,10.77,3.96,3.92,2.43,10.85,3.64,61.04,0,0
"203752100054_R03C01",0,0.49,0.79,4.49,0,3.08,0,0,6.38,78.88,3.54,0.05
"203752100054_R04C01",0.02,2.5,0.74,17.95,5.07,7.97,0,1.64,6.06,53.26,3.09,0
"203752100054_R06C01",4.76,0,5.74,9.32,7.44,18.51,1.73,1.98,7.02,32.72,5.31,5.47
"203752100054_R07C01",0.35,5.09,0,10.05,4.64,7.36,0.75,1.04,11.74,54.56,2.8,0
"203752100054_R08C01",0,0,0,7.63,0.32,2.55,2.04,0,0.42,81.55,3.82,0
"203752100058_R01C01",3.08,0,3.51,8.79,0,3.71,0.49,2.67,8.61,61.06,5.96,0.73
"203752100058_R02C01",1.38,1.34,0.78,10.29,5.84,1.59,1.65,3.33,12.57,57.54,1.86,0
"203752100058_R03C01",4.52,0.21,8.99,1.44,3.24,15.29,2.84,0,7.49,48.85,3.61,3.53
"203752100058_R04C01",1.35,0,0.85,20.5,7.6,3.21,2.75,2.31,3.67,55.53,1.33,0
"203752100058_R06C01",1.03,1.14,1.24,8.03,3.01,3.38,3.1,0.21,8.75,68.17,0.34,0
"203752100058_R07C01",0,1.2,4.12,5.09,2.41,6.61,2.67,3.9,8,59.6,5.41,0
"203752100058_R08C01",0.69,1.12,0,13.01,0,11.96,0.96,0,8.74,59.93,3.08,0
"203752100070_R01C01",2.67,0.66,0.68,10.8,1.54,1.34,0,1.37,5.38,70.05,4.05,0
"203752100070_R02C01",0.68,0,0,21.83,0.32,1.73,3.27,0,3.71,65.51,1.35,0.33
"203752100070_R03C01",1.63,1.21,1.77,17.97,0.79,10.47,4.82,3.33,1.77,51.24,3.9,0
"203752100070_R04C01",0.2,3.57,0.15,12.53,0,22.48,0,2.08,10.41,39.68,6.36,0
"203752100070_R05C01",2.67,0.7,0,4.3,0,1.39,0,0,11.37,71.93,6.11,0
"203752100070_R06C01",1.21,0.88,4.99,18.32,2.4,2.54,4.9,2.32,3.69,56.71,0.85,0
"203752100070_R07C01",0,0,0,0,0,14.16,0,5.56,9.88,66.19,1.95,0
"203752100070_R08C01",3.35,0.51,5.32,5.55,0,1.04,1.15,0.89,8.77,69.53,2.98,0
"203723060084_R01C01",1.58,0.71,1.58,8.73,4.58,2.11,2.15,2.74,5.77,64.99,3.65,0
"203723060084_R02C01",0.03,5.02,2.65,14.22,5.51,3.55,2.54,1.38,6.77,52.14,4.73,0
"203723060084_R04C01",0.18,2.29,2.32,7.36,7.42,3.21,2.41,2.28,12.56,56.38,1.55,0
"203723060084_R05C01",0.81,2.49,3.8,10.54,0,4.23,2.14,4.9,7.04,56.2,6.59,0
"203723060084_R06C01",5.06,0,7.68,2.42,10.55,18.57,2.92,0,6.08,39.55,5.12,2.05
"203723060084_R07C01",1.47,0.93,1.14,9.87,0,9.02,0,1.33,3.96,64.54,6.38,0
"203723060084_R08C01",0.37,4.92,0,9.11,4.05,7.29,1.88,1.8,11.23,54.58,2.71,0
"203734290102_R01C01",3.82,2.06,2.67,11.39,0.93,0.82,2.47,0.96,8.14,62.73,3.88,0.13
"203734290102_R02C01",2.42,1.22,2.13,9.5,0.01,10.53,2.12,0.14,8.7,60.2,2.79,0.22
"203734290102_R03C01",2.41,1.67,0.46,4.69,0,3.61,1.3,4.06,6.59,72.42,2.2,0.52
"203734290102_R04C01",3.79,1.78,6.39,28.73,5.27,10.49,6.57,4.68,10.17,14.66,7.13,0.34
"203734290102_R05C01",3.42,1.84,3.58,7.9,3.86,3.5,3.5,4.07,10.74,54.72,2.82,0.05
"203734290102_R06C01",2.43,2.09,1.67,9.77,0.31,3.33,3.71,3.6,7.49,62.15,3.04,0.41
"203734290102_R07C01",3.71,0.55,3.22,7.63,2.46,5.46,1.53,2.22,4.57,68.65,0,0
"203734290102_R08C01",3.35,1.74,4.01,10.8,6.07,2.45,5.16,2.41,7.68,47.15,9.18,0
"203734300103_R01C01",5.38,3.08,2.36,18.46,9.18,4.12,3.74,2.34,10.64,33.67,5.76,1.27
"203734300103_R04C01",3.93,2.31,2.26,7.84,0.32,0,2.42,0.6,8.23,69.39,2.71,0
"203734300103_R05C01",2.96,1.76,1.81,4.64,0.56,2.9,2.68,2.17,8.53,67.58,3.28,1.11
"203734300103_R06C01",3.7,1.81,1.01,2.82,1.45,5.71,1.59,0,9.03,65.77,4.81,2.3
"203734300103_R07C01",3.29,1.61,4.45,10.49,2.63,2.99,3.59,2.51,7.79,52.59,7.38,0.69
"203734300103_R08C01",1.57,2.14,1.22,7.77,0,1.47,2.13,0,6.72,74.51,2.45,0
"203751380110_R01C01",2.72,3.09,4.36,10.26,2.32,6.16,3.23,4.32,6.2,51.25,3.73,2.35
"203751380110_R02C01",2.32,1.79,0.82,9.8,2.98,6,3.27,2.89,4.37,64.04,0.94,0.81
"203751380110_R03C01",3.29,1.2,2.39,6.53,1.37,13.14,0.61,0.85,9.53,56.91,2.34,1.83
"203751380110_R04C01",3.27,2.11,1.77,8.89,0.1,1.15,3.22,0.42,7.61,67.99,3.48,0
"203751380110_R05C01",3.12,0.92,1.63,8.2,0.68,13.84,0.59,0,6.5,61.83,2.69,0
"203751380110_R06C01",2.39,1.86,2.81,7.01,0.21,8.88,1.81,2.81,7.35,59.04,5.45,0.38
"203751380110_R08C01",3.24,1.37,3.09,9.52,0,7.31,2.25,1.2,9.96,58.84,3.21,0
"203734290015_R01C01",3.01,2.03,5.11,15.71,1,4.42,4.31,1.09,7.45,50.64,2.97,2.25
"203734290015_R03C01",3.16,2.8,3.96,8.95,3.91,4.93,2.96,0.74,10.06,53.76,3.44,1.34
"203734290015_R04C01",2.67,2.26,2.09,6.54,1.15,4.74,1.85,0.59,8.67,65.22,3.29,0.94
"203734290015_R05C01",2.84,2.96,3.88,11.95,6.07,6.12,4.06,4.32,10.08,37.96,7.01,2.75
"203734290015_R06C01",2.42,1.32,1.16,4.88,0,9.73,0,0.26,6.78,68.46,4.32,0.67
"203734290015_R08C01",0.58,1.47,0.16,4.68,0,2.85,2.1,0,3.39,81.98,2.28,0.08
"203789410028_R01C01",3.49,2.06,7.92,9.09,0.9,4.37,1.65,0.11,6.52,58.3,3.55,2.05
"203789410028_R02C01",1.81,1.68,1.49,8.58,0.69,6.91,1.58,0.44,5.34,68.86,2.11,0.52
"203789410028_R03C01",1.64,2.28,1.24,12.39,1.67,3.43,3.53,0,4.91,67.17,1.71,0.02
"203789410028_R04C01",2.95,1.98,0.95,7.68,0,3.49,3.12,0,6.84,70.32,2.67,0
"203789410028_R05C01",2.69,3.88,3.08,6.22,0,5.11,2.6,3.63,9.11,53.65,7.54,2.48
"203789410028_R06C01",1.1,1.43,0.95,6.86,0.61,7.79,1.79,0,4.48,74.15,0.84,0
"203789410028_R07C01",1.9,1,3.59,11.67,3.96,10.64,2.59,1.26,11.7,48.18,2.69,0.84
"203789410028_R08C01",3.48,0.4,3.66,9.86,5.05,2.8,0.63,0.02,9.29,60.77,4.04,0
"203789410029_R01C01",3.82,1.73,2.56,7.16,0.77,5.89,2.15,9.77,7.36,53.49,2.58,2.71
"203789410029_R02C01",4.01,2.55,7.1,12.79,1.55,6.1,2.16,1.76,7.17,50.87,2.72,1.21
"203789410029_R03C01",2.8,1.38,2.04,6.66,1.74,5.32,1.6,0,5.63,67.81,3.88,1.14
"203789410029_R05C01",0,0.49,0.94,6.77,0.37,2.12,1.85,2.55,4.73,73.15,2.44,0
"203789410029_R07C01",0,0.56,0,3.96,0,6,0,2.22,9.55,69.62,2.43,0
"203789410030_R01C01",4.25,4.2,2.54,13.46,0,5.37,4.13,3.62,8.54,50.03,3.03,0.84
"203789410030_R03C01",2.47,1.61,3.48,11.78,0.3,11.34,1.73,0.92,5.99,53.67,4.79,1.92
"203789410030_R04C01",0,0.41,0,4.64,0,1.51,0.53,0.7,7.49,76.55,2.82,0.43
"203789410030_R05C01",2.7,1.44,4.69,8.81,10.44,2.16,4.05,6.09,9.59,43.68,4.65,1.7
"203789410030_R06C01",3.87,2.16,2.95,7.92,0.46,4.56,1.73,0.21,9.73,62.06,3.36,0.98
"203789410030_R07C01",2.93,1.72,4.05,6.54,2.08,12.29,1.67,0.51,7.89,53.29,4.69,2.34
"203789410030_R08C01",0,1.2,3.82,14.57,8.39,4.22,2.47,1.6,2.96,51.59,4.55,0
"203751390046_R01C01",11.23,0,5.79,8.61,6.04,11.9,0.12,3.99,13.07,29.61,1.99,7.66
"203751390046_R02C01",3.23,1.57,4.94,11.23,4.27,13.55,3.09,2.04,7.25,41.86,6.23,0.75
"203751390046_R03C01",1.86,1.24,2.82,9.02,0.61,19.79,0,0.72,6.44,48.72,6.92,1.85
"203751390046_R04C01",0,0,1.43,7.95,1.23,3.26,1.19,6.48,6.47,65.35,1.94,0
"203751390046_R06C01",2.82,1.26,1.78,11.09,2.34,6.46,1.36,2.22,6.03,57.42,5.89,1.33
"203751390046_R07C01",1.21,1.59,2.87,6.63,0,12.77,0,0,7.27,61.76,5.9,0
"203751390046_R08C01",3.31,1.14,2.41,9.35,2.49,6.18,2.84,1.32,7.12,57.99,4.8,1.05
"203789410055_R01C01",3.19,1.98,2.22,8.54,0.05,4.71,1.8,0.23,6.1,68.78,2.38,0
"203789410055_R02C01",0,0.9,1.24,9.91,7.02,2.74,0.69,3.58,4.61,64.07,1.02,0
"203789410055_R03C01",3.09,1.32,1.16,8.85,0,19.88,0.17,2,7.26,54.64,1.63,0
"203789410055_R04C01",2.65,1.59,1.73,6.28,2.51,10.98,0.36,0.97,11.38,58.52,2.4,0.64
"203789410055_R05C01",2.98,1.39,3.97,7.09,3.15,6.78,1.71,0.21,5.73,61.93,3.34,1.71
"203789410055_R06C01",0,0.29,0.2,10.18,4.81,1.15,2.37,2.65,5.69,65.41,2.9,0
"203789410055_R07C01",0,0,1.93,2.79,0,6.51,0.41,8.14,5.55,65.71,3.52,0
"203789410055_R08C01",1.87,1.62,1.9,6.08,2.36,1.98,3.53,0.57,6.91,70.05,3.13,0
"203751380061_R01C01",2.73,1.27,3.34,9.8,3.37,9.45,4.73,0.7,6.4,53.81,3.74,0.67
"203751380061_R02C01",4.93,1.46,1.65,10.11,0.04,4.03,1.2,0,9.52,61.4,5.66,0
"203751380061_R03C01",2.85,1.47,2.18,7.49,0,7.83,1.79,0,7.26,67.1,2.04,0
"203751380061_R05C01",1.71,1.59,6.15,12.4,8.13,13.3,1.46,1.41,6.17,37.97,7.62,2.1
"203751380061_R06C01",3.99,0.43,12.32,8.96,3.29,4.65,1.86,2.47,10.1,47.32,3.13,1.47
"203751380061_R08C01",2.13,1.17,3.73,5.83,1.68,5.83,0.65,0.72,7.92,66.54,2.95,0.85
"203751380062_R02C01",1.36,0.5,0.75,9.83,0,2.6,2.48,2.65,4.65,69,2.33,0
"203751380062_R03C01",2.87,1.38,3.5,6.97,2.46,1.73,1.71,2.19,8.9,62.04,4.89,1.38
"203751380062_R04C01",0,1.32,3.3,2.5,0,1.81,0.84,3.32,17.43,59.43,3.82,0
"203751380062_R05C01",1.75,1.11,1.4,5.88,0.49,7.78,1.52,0.36,5.51,71.88,2.32,0
"203751380062_R06C01",2.59,0.07,4.5,20.13,10.23,10.23,3.53,1.89,5.77,35.82,4.14,1.1
"203751380062_R07C01",2.9,0.78,1.57,6.76,0,14.47,0.52,1.85,8.39,58.79,3.98,0
"203751380062_R08C01",1.34,1.52,1.32,8.83,2.13,7.67,1.43,0,7.99,64.09,3.67,0
"203734300093_R01C01",0,0,0,12.8,10.6,0,0,0.11,9.06,56.98,4.56,0
"203734300093_R02C01",0,0,2.13,16.08,0.99,6.9,0,3.03,8.94,43.45,11.93,0
"203734300093_R03C01",0,0.12,0,4.21,0.06,2.74,0,0,2.95,83.81,0.81,0
"203734300093_R04C01",2.36,1.16,2.56,8.47,0.04,3.08,2.75,4.54,6.57,65.83,2.63,0
"203734300093_R05C01",3.55,1.57,1.77,11.5,0,12.27,1.55,1.17,6.98,54.24,5.39,0
"203734300093_R06C01",3.56,1.25,10.42,18.28,1.13,4.18,4.26,4.52,6.27,36.1,6.95,3.09
"203734300093_R08C01",3.59,0.98,4.21,12.67,6.04,5.55,2.85,1.78,11.82,43.33,6.18,1
"203723180011_R01C01",0,0.11,0,2.59,0,23.19,0,4.37,6.92,50.19,6.11,0
"203723180011_R02C01",2.35,1.19,6.2,5.24,0.31,8.89,1.93,0,7.31,63.43,2.75,0.4
"203723180011_R03C01",1.43,7.44,4.62,17.19,4.65,1.76,3.2,1.47,5.43,47.05,5.29,0.47
"203723180011_R04C01",1.53,0.54,1.74,6.42,2.59,4.19,0,0.54,5.71,70.19,6.14,0.39
"203723180011_R05C01",0,0,0,0.56,0,3.53,0,0.98,10.88,76.74,1.65,0
"203723180011_R06C01",3.45,0,5.21,17.79,6.49,6.72,5.93,0.91,4.68,44.6,4.22,0
"203723180011_R07C01",1.43,1.79,1.38,12.47,8.72,4.52,3.25,0.64,2.69,60.8,2.33,0
"203723180011_R08C01",1.35,0,1.38,8.66,0,20.63,1.26,0,6.88,58.59,1.27,0
"203752110028_R01C01",2.2,1.21,3.73,5.46,7.07,7.92,0,0,5.18,61.43,5.4,0.4
"203752110028_R02C01",2.42,0.51,5.52,12.47,7.59,4.83,3.18,4.5,5.74,46.61,6.2,0.42
"203752110028_R03C01",2.23,1.64,5.18,12.69,7.59,4.63,3.82,0,7.58,51.67,2.05,0.91
"203752110028_R04C01",2.79,0.53,3.57,9.53,5.27,5.77,2.06,1.24,8.11,56.39,4.76,0
"203752110028_R05C01",0.95,1.44,3.78,5.24,6.72,17.36,2.09,0,6.72,51.43,2.05,2.21
"203752110028_R06C01",3.01,1,3.13,13.17,5.19,5.06,4.07,0,5.49,56.85,1.68,1.34
"203752110028_R07C01",0,0,0.21,7.43,0,16.2,0,3.97,7.33,56.37,3.62,0
"203752110028_R08C01",1.99,0.57,1.58,6.73,1.14,7.63,1.12,0,7.72,68.73,2.78,0
"203723190028_R01C01",2.25,1.07,3.59,7,0,10.84,0.05,0,9.1,64.29,1.8,0
"203723190028_R02C01",2.22,1.61,1.42,9.84,2.39,22.38,0,0.6,5.22,48.83,5.48,0
"203723190028_R03C01",0,0,0,3.26,0,4.39,0.79,0.26,2.43,82.53,0.86,0
"203723190028_R04C01",0,0.53,0,3.03,1.83,4.84,0.46,5.14,6.34,68.55,3.56,0
"203723190028_R05C01",3.36,0.81,8.21,8.19,4.11,8.12,3.69,10.05,6.87,38.88,7.69,0
"203723190028_R07C01",1.9,1.45,0.8,4.64,0.14,15.05,0.37,1.42,8.99,62,3.25,0
"203752110030_R01C01",3.11,0.77,3.5,9.24,1.14,3.67,1.37,2.77,6.47,62.34,4.8,0.82
"203752110030_R02C01",0,0,0,11.91,0,27.82,0,0,4.78,47.67,3.01,0
"203752110030_R03C01",2.03,1.63,4.34,5,1.76,4.58,0,0,6.43,69.33,3.39,1.5
"203752110030_R04C01",3.12,0.67,2.07,6.12,0.08,8.7,2.55,0.48,6.11,66.96,3.14,0
"203752110030_R05C01",0,0,0,13.1,3.17,2.78,3.26,0,8.87,63.47,0.55,0
"203752110030_R07C01",3.02,0.31,2.87,12.25,0.65,5.91,4.48,1.49,5.32,59.33,4.14,0.23
"203752110030_R08C01",1.78,1.99,2.28,4.49,3.74,4.68,3.24,1.36,6.63,66.46,3.36,0
"203723190040_R01C01",2.85,1.83,5.58,10.55,5.28,7.37,2.93,2.09,8.26,43.11,8.6,1.54
"203723190040_R02C01",3.1,1.05,2.15,9.53,1.43,4.24,0.92,2.26,7.93,62.03,3.48,1.88
"203723190040_R04C01",3.03,1.79,3.48,8.17,1.38,7.22,1.23,0,7.83,61.52,4.35,0
"203723190040_R05C01",2.64,1.28,4.42,10.68,5.55,3.4,2.74,0.33,6.28,59.86,2.82,0
"203723190040_R06C01",2.84,1.11,1.08,8.62,0,5.89,0.45,0,5.58,71.18,3.26,0
"203723190040_R07C01",0,1.06,0,1.86,0,4.63,0,0.17,2.54,82.69,1.68,0
"203723190040_R08C01",4.56,0,1.85,7.88,2.57,3.37,2.24,0,7.36,66.96,3.21,0
"203752110042_R01C01",2.48,1.56,2.81,8.97,2.73,4.7,6.01,0.21,6.63,60.66,3.18,0.07
"203752110042_R02C01",3.14,1.11,1.53,3.45,0.82,9.69,0,0,10.25,68.51,1.51,0
"203752110042_R03C01",1.9,0.39,2.57,16.05,7.62,15.79,2.79,0,2.98,49.11,0.63,0.18
"203752110042_R04C01",0,1.05,0,11.92,7.26,3.56,0,4.25,5.75,55.95,4.74,0
"203752110042_R05C01",4.48,1.46,3.09,10.38,7.02,6.15,1.95,0.1,7.45,47.32,10.6,0
"203752110042_R06C01",0,0,0,3.93,0,3.69,0,2.86,14.05,66.27,2.74,0
"203752110042_R07C01",2.1,0.73,4.02,12.88,2.14,14.55,3.03,1.96,8.36,46.14,4.08,0
"203752110042_R08C01",3.39,0.79,2.05,9.85,4.36,5.35,2.03,1.04,5.52,61.63,3.99,0
"203723050049_R02C01",3.16,3.03,1.81,7.8,0.66,2.89,1.94,0,10.12,59.59,7.5,1.49
"203723050049_R04C01",2.21,1.56,2.52,16.15,1.8,7.12,3.02,4.68,4.26,53.88,2.33,0.44
"203723050049_R05C01",3.51,1.41,4.53,11.9,2.47,2.27,1.76,4.31,7.92,53.05,6.77,0.1
"203723050049_R06C01",0.96,1.14,1.91,13.68,2.17,4.31,4.68,0.96,4.91,62.53,2.49,0.25
"203723050049_R07C01",3.58,0.64,0,3.39,0,1.09,0.33,0,4.24,84.5,1.42,0.81
"203723050049_R08C01",2.7,1.2,2.21,7.13,2.96,1.87,2.39,2.32,9.49,64.78,1.94,1.01
"203751390065_R01C01",3.22,2.33,3.19,10.5,2.14,12.94,0.1,4.65,12.33,37.84,10.76,0
"203751390065_R02C01",0,0,0,0,0,7.58,0,0,12.15,73.09,1.26,0
"203751390065_R03C01",0,0.23,0,11.63,0.42,3.69,0.42,5.8,5.27,66.32,1.24,0
"203751390065_R05C01",2.44,1.99,2.47,5.76,2.22,3.81,0.16,1.8,9.6,63.58,4.48,1.68
"203751390065_R06C01",3.02,1.39,2.23,4.57,0,9.99,0.14,2.77,8.5,63.16,2.57,1.66
"203751390065_R07C01",0,0,0,5.5,0,3.71,0.75,2.97,8.04,72.5,1.45,0
"203751390065_R08C01",1.39,3.51,2.89,6.83,2.2,14.45,0.73,2.51,8.53,53.43,3.17,0.35
"203751390067_R01C01",2.25,1.38,2.4,8.41,1.73,2.57,0.54,0.49,7.77,66.6,5.87,0
"203751390067_R02C01",1.77,0.5,1.85,12.55,3.17,7.18,1.53,0.59,3.04,61.83,5.78,0.2
"203751390067_R03C01",2.73,1.35,3.73,8.47,2.59,8.62,1.85,0,5.96,56.67,7.49,0.54
"203751390067_R04C01",2,0.1,3.07,16.56,0,7.87,0.48,0,5.42,61.07,2.55,0.89
"203751390067_R05C01",0,0,0,3.05,0.32,2.98,0.35,3.54,11.52,68.71,4.27,0
"203751390067_R06C01",0,0,0,11.94,0,5.69,0,6.22,7.17,56.76,7.46,0
"203751390067_R07C01",0,0,0,4.05,1.99,3.57,2.07,4.39,6.79,72.04,0,0
"203751390067_R08C01",2.22,0.15,4.39,12.44,2.16,7.25,1.86,1.23,6.13,60.54,1.62,0
"203751390077_R01C01",3.1,2.16,2.36,11.49,0,11.74,2.88,0.16,6.57,56.59,1.27,1.68
"203751390077_R02C01",1.4,1.97,1.7,6.53,1.68,1.97,1.89,0.65,6.86,70.71,4.25,0
"203751390077_R03C01",1.95,0.61,3.23,32.32,1.68,11.57,6.62,3.81,6.25,24.87,5.07,2.02
"203751390077_R04C01",1.79,0.29,2.99,22.81,26.88,13.12,0.43,1.92,5.04,22.02,2.7,0
"203751390077_R05C01",3.01,1.45,4.46,12.53,6.37,4.82,4.35,1.82,6.97,48.49,5.73,0
"203751390077_R06C01",2.16,1.62,2.98,8.32,3.63,10.47,3.78,0,6.29,57.61,3.13,0
"203751390077_R07C01",1.68,0.91,2.11,6.17,1.09,9.89,2.76,3.29,5.45,63.31,3.34,0
"203751390077_R08C01",1.88,1.17,2.91,11.71,9.59,2.44,2.53,0.21,3.22,61.8,2.54,0
"203751390082_R01C01",1.45,1.9,0.55,5.34,0.69,3.57,0.57,0.29,3.26,78.07,3.55,0.76
"203751390082_R02C01",1.57,1.19,3.99,12.87,8.41,14.88,3.57,2.45,6.73,39.74,4.51,0.1
"203751390082_R03C01",2.59,1.41,0.16,3.7,0,6.92,0,0.2,5.34,77.59,2.1,0
"203751390082_R04C01",2.29,1.19,5.45,11.43,10.9,3.13,5.62,2.3,5.37,44,7.58,0.74
"203751390082_R05C01",0,0.42,3.01,5.17,1.46,2.33,1.58,4.7,8.95,66.18,1.15,0
"203751390082_R06C01",2.35,0.57,5.17,16.52,15.44,10.92,7.41,2.19,4.53,31.48,3.42,0
"203751390082_R07C01",0,0,0,7.82,0,10.07,0,7.67,7.95,59.42,1.47,0
"203751390082_R08C01",1.43,0.9,1.84,6.12,2.18,2.07,2.13,2.74,10.4,66.44,3.75,0
"203752110095_R01C01",2.52,0,3.31,20.74,0,15.33,3.68,5.52,5.68,41.48,1.75,0
"203752110095_R03C01",0.83,0.09,1.33,15.04,3.42,19.59,1.59,0.62,1.66,50.82,5,0
"203752110095_R04C01",1.85,1.05,0,4.18,1.07,11.05,0.19,0.4,4.86,72.98,2.37,0
"203752110095_R06C01",0,0.3,0.09,4.75,0,3.44,0.71,0.61,3.68,76.51,5.16,0
"203752110095_R07C01",2.55,1.45,1.68,6.72,0.32,10.52,0.03,0,5.76,65.59,5.39,0
"203752110095_R08C01",3.15,0,1.05,6.76,0,17.66,0.29,0,9.57,54.82,6.7,0
"203755070004_R01C01",2.13,1.89,1.45,6.26,0,10.76,1.37,0.31,7.87,66.19,1.78,0
"203755070004_R03C01",2.04,0.2,2.23,7.68,0,25.3,0,0,4.66,49.52,7.81,0.55
"203755070004_R05C01",0,0,10.62,17.02,0,3.71,0,1.19,6.03,51.47,5.26,0
"203755070004_R06C01",0,0.14,0,2.88,0,18.67,0,0.77,7.09,62.05,3.85,0
"203755070004_R07C01",0,0,0.55,11.7,3.71,3.27,0,2.17,5.97,63.34,5.02,0
"203755070004_R08C01",0,0.26,0,3.14,0,7.18,0,6.85,9.69,67.66,0.49,0
"203755070012_R01C01",2.71,1.33,2.85,7.12,2.3,13.01,0.23,0.6,8.27,55.2,4.95,1.42
"203755070012_R02C01",1.49,4.15,2.4,7.01,1.07,15.38,0,0,8.04,52.04,7.81,0.61
"203755070012_R03C01",0,1.74,0,8.86,0,4.88,0.99,2.04,9.71,63.89,3.11,0
"203755070012_R04C01",2.69,1.17,5.24,7.59,0,11.69,1.36,1.03,9.1,54.58,4.56,0.98
"203755070012_R05C01",0,0,0.91,5.22,4.6,20.55,0,0.56,3.61,55.36,4.39,0
"203755070012_R06C01",0,0,0,4.13,0,15.76,0,3.51,7.73,58.34,5.2,0
"203755070012_R07C01",1.98,3.56,3.04,9.51,8.17,7.05,0,0,4.72,56.49,4.04,1.43
"203755070012_R08C01",0,0,6,9.84,5.34,8.96,0.33,1.95,8.41,50.94,3.73,0
"203755070019_R01C01",0,0,0.87,16.28,4.74,2.58,0,2.31,5.81,57.88,4.87,0
"203755070019_R03C01",4.81,0,2.06,21.32,2.15,7.09,4.33,3.9,15.45,31.02,6.95,0.93
"203755070019_R04C01",0,0,0.98,15.31,1.93,1.58,0,4.32,8.96,59.26,2.75,0
"203755070019_R05C01",2.23,0.84,10.25,7.33,1.23,6.88,1.89,0.89,7.83,55.9,3.88,0.85
"203755070019_R06C01",0,0,2.61,15.3,3.94,2.18,0.76,4.96,8.78,50.05,7.12,0
"203755070019_R07C01",0,1.38,4.68,6.79,1.7,3.46,0,3,6.79,61.67,5.65,0
"203755070019_R08C01",0,0.05,0.93,5.22,0.9,1.92,0.43,4.71,9.89,66.91,4.25,0
"203755070020_R01C01",0,2.94,3.43,11.81,5.47,1.99,1.36,3.37,9.71,53.22,2.18,0
"203755070020_R02C01",0,0.61,0.12,8.15,14.32,3.99,0.23,2.97,9.38,54.85,0,0
"203755070020_R03C01",0,0.76,0.2,7.05,0,6.75,0,2.92,5.33,64.88,6.59,0
"203755070020_R04C01",1.86,1.77,2.72,6.96,3.84,22.52,0.88,0.49,6.75,44.31,5.89,2
"203755070020_R05C01",2.84,1.27,1.81,10.02,4.19,16.06,0.18,0.19,7.6,50.37,4.87,0.6
"203755070020_R06C01",1.31,1.49,4.1,14.75,11.25,4.72,5.31,0.44,3.51,47.58,5.04,0.51
"203755070020_R07C01",0,0,0,24.17,11.53,12.18,0,0,23.4,13.71,9.8,0
"203755070020_R08C01",2.48,2.91,3.95,11.55,6.72,5.15,6.69,2.92,7.14,44.74,5.76,0
"203755070021_R01C01",0,0,6.04,0,0,11,0,9.46,11.67,51.09,4,0
"203755070021_R02C01",0,1.56,0.67,5.13,0,11.6,1.05,0,4.04,74.04,1.84,0
"203755070021_R04C01",0,1.35,1.6,2.89,0,5.52,0,2.05,8.79,68.62,3.77,0
"203755070021_R05C01",0,0,0,3.99,0,2.77,0.43,2.99,15.58,66.78,2.2,0
"203755070021_R07C01",0,0,0.16,15.4,0,8.94,0,5.01,9.57,52.97,3.38,0
"203755070021_R08C01",1.95,0,1.81,13.84,3.77,7.71,2.24,0,6.82,56.75,2.67,2.44
"203752110025_R01C01",0.35,0,3.08,4.52,0,2.06,1.15,4.82,7.63,64.93,4.42,0.98
"203752110025_R02C01",1.24,2.28,0.91,4.56,0.27,10.64,0.7,0,4.5,69.79,3.39,1.71
"203752110025_R03C01",0,0,1.08,12.4,8.25,3.1,0,2.83,11.03,47.3,8.24,0
"203752110025_R04C01",0,0.65,3.42,8.6,4.65,7.1,0,3.92,10.33,52.07,2.73,0.42
"203752110025_R05C01",0,0.22,0,12.54,0,17.47,0.45,1.09,13.41,44.9,3.28,0
"203752110025_R06C01",1.98,0.57,1.22,11.29,0,10.12,2.03,4.55,10.65,52.41,1.16,0
"203752110025_R07C01",0,0.38,4.9,12.57,2.74,2.74,1.23,2.07,3.54,61.27,3.48,0
"203752110025_R08C01",0.37,3.59,0.86,3.51,0,17.42,0,0.93,14.37,51.91,6.29,0.75
"203755070032_R01C01",0,0.06,5.99,13.92,0,3.97,0,1.37,14.09,51.5,3.81,0
"203755070032_R02C01",0,0.7,1.43,16.2,0,3.78,0,4.97,5.51,61.76,0.89,0
"203755070032_R04C01",1.25,2.2,2.95,12.13,5.35,10.71,1.27,0,3.42,54.29,5.14,1.3
"203755070032_R05C01",0,0,0,6.22,0,6.93,0,1.49,10.54,67.5,2.33,0
"203755070032_R06C01",2.07,0.86,2.74,6.78,0,11.71,1.71,0.58,8.06,59.04,5.13,1.33
"203755070032_R07C01",0,0,0.76,5.87,1.48,5.57,0,8.47,14.36,51.56,6.87,0
"203755070032_R08C01",0,0,4.76,22.69,7.42,2.36,0.36,1.44,14.27,40.74,2.04,0
"203755070033_R01C01",1.59,0,3.56,11.38,0.63,21.38,0,0,6.29,54.25,0.93,0
"203755070033_R02C01",1.64,1.28,3.37,12.16,5.33,4.82,1.35,0,6.04,58.5,3.89,1.62
"203755070033_R03C01",0,0,0,3.22,0,3.5,0.39,0.51,1.37,84.3,1.43,0
"203755070033_R04C01",0,0,0.87,5.47,0.49,2.04,0,8.84,11.9,61.29,3.29,0
"203755070033_R05C01",0,0.14,1.02,10.96,0,8.5,0,2.57,13,55.17,3.43,0
"203755070033_R07C01",1.94,0.5,1.56,10.59,0.13,15.07,3.39,3.79,8.93,50.93,1.7,1.47
"203755070033_R08C01",0,0.17,0.04,7.7,0,3.81,0,3.97,10.29,64.31,5.05,0
"203755070047_R01C01",0,0.1,1.36,18.58,12.04,0,0,0.67,3.69,52.11,5.11,0
"203755070047_R02C01",2.3,0.94,6.39,13.08,7.04,3.64,5.04,0.83,3.74,49.86,7.14,0
"203755070047_R03C01",0,0,0,1.71,0,15.95,0,2.18,7.55,63.06,4.01,0
"203755070047_R05C01",0,0.69,0,7.57,0.52,2.58,2.26,2.58,8.04,68.28,3.1,0
"203755070047_R07C01",0.38,0.94,2.26,9.03,0,10.75,2.65,0,4.84,66.84,2.31,0
"203755070047_R08C01",0,0.67,0,8,0.9,5.74,0,0.71,5.42,68.56,5.65,0
"203755070050_R01C01",2.6,2.21,1.12,9.06,2.96,6.92,4.35,0.83,5.21,61.22,3.46,0.07
"203755070050_R03C01",0,1.26,2.34,12.2,2.13,6.88,0,4.7,5.44,55.82,4.26,0.27
"203755070050_R04C01",0,0,0,2.95,0.16,1.95,0,0,4.48,83.62,2.25,0
"203755070050_R05C01",0,0,0,4.9,1.91,3.18,0.37,1.29,7.1,75.14,1.31,0
"203755070050_R06C01",0,0,3.84,22.87,10.31,0.73,0.99,1.4,5.42,49.83,0.57,0
"203755070050_R07C01",0,0.25,0,4.15,0,7.42,0,2.53,11.45,63.63,5.48,0
"203755070050_R08C01",0,2.51,0.52,11.98,0,2.78,0.38,4.21,14.32,53.32,6,0
"203755070052_R01C01",3.36,1.61,2.09,6.56,1.13,10.19,4.12,7.41,4.41,52.73,5.46,0.93
"203755070052_R02C01",2.37,0.51,5.26,13.85,0.05,14.64,0.25,0,7.95,45.86,6.02,3.25
"203755070052_R03C01",0.79,0,0,7.24,0,2.09,0,15.89,9.31,56.64,2.64,0
"203755070052_R04C01",0,0.56,0.29,8.83,2.91,8.68,0,4.74,8.13,58.58,1.93,0
"203755070052_R05C01",0,0,0,28.28,4.53,5.93,1.62,1.21,0.72,43.11,8.84,0
"203755070060_R02C01",0,2.36,0,7.35,0,12.28,0,5.11,11.53,54.05,1.82,0
"203755070060_R03C01",0,0.18,0,7.23,1.27,4.8,0,7.02,12.67,57.05,4.72,0
"203755070060_R04C01",2.89,2.4,6.56,15.15,8.9,1.87,3.45,0.36,8.26,44.21,3.19,2.75
"203755070060_R05C01",0,0.5,8.05,10.65,3.26,2.73,0.19,3.26,11.19,51.99,3.38,0
"203755070060_R06C01",0,0.92,2.9,13.46,2.55,3.49,0.77,5.8,6.55,53.47,4.33,0
"203755070060_R08C01",0,0,0,18.38,0,9.12,0,0.8,5.02,59.78,2.3,0
