CpG,estimate,exp.estimate,se,z,p.value,n,p.adjust,DHS,Enhancer,Relation_to_Island,chr,UCSC_RefGene_Name,UCSC_RefGene_Group
cg00046710,0.7812722299715501,2.184249366077191,0.22378653167458779,3.4911494633985067,4.8094711807709434e-4,601,0.9999897167773916,Yes,No,Island,chr9,TUBB4B,TSS1500
cg00106420,0.5730407008740819,1.7736520054708191,0.18045947702167994,3.175453627216476,0.0014960243084688473,601,0.9999897167773916,No,No,Island,chr12,DIABLO;DIABLO;DIABLO;DIABLO,Body;5'UTR;5'UTR;Body
cg00128506,0.22279368606289238,1.249562744930491,0.06858976126272731,3.248206174818132,0.0011613508566956923,601,0.9999897167773916,Yes,No,OpenSea,chr8,,
cg00169897,0.6837534106061137,1.9813004273427548,0.15637508837666803,4.372521337664249,1.2281980886973142e-5,601,0.9999897167773916,No,No,OpenSea,chr16,,
cg00198594,-0.7080618758844729,0.4925979889208754,0.24412095347720553,-2.9004551465123916,0.0037262116266792746,601,0.9999897167773916,Yes,No,OpenSea,chr3,,
cg00198729,-0.5530194531462576,0.5752103648689695,0.1884435308391694,-2.9346693446231495,0.003339032957012382,601,0.9999897167773916,No,No,OpenSea,chr17,PPY,TSS1500
cg00347620,0.7790062743415641,2.17930555726989,0.2338047360732371,3.3318669562687893,8.626548622391095e-4,601,0.9999897167773916,Yes,No,Island,chr12,TBX3;TBX3,Body;Body
cg00383793,-0.2951840365422071,0.744394579054652,0.09546266598912145,-3.0921411368905733,0.0019871834357149854,601,0.9999897167773916,Yes,Yes,OpenSea,chr3,CACNA2D2;CACNA2D2,Body;Body
cg00390945,0.7999395615900803,2.225406424402186,0.26403184549361997,3.029708632663441,0.0024478976781059864,601,0.9999897167773916,Yes,No,Island,chr10,FBXL15,Body
cg00402801,0.3071389148625395,1.3595298138521439,0.0979245035857766,3.1364868201093543,0.0017098512187876708,601,0.9999897167773916,No,Yes,OpenSea,chr8,PTK2B;PTK2B;PTK2B;PTK2B,5'UTR;5'UTR;5'UTR;5'UTR
cg00424276,-0.6908727261285516,0.5011385214825013,0.22227970935279065,-3.108123220694133,0.0018827954973212647,601,0.9999897167773916,Yes,No,N_Shore,chr7,EFCAB10,TSS1500
cg00492142,0.6363852508191106,1.8896379517842772,0.19995357451109733,3.182665037997565,0.001459263248182317,601,0.9999897167773916,No,No,N_Shore,chr6,,
cg00547480,1.2254736804405777,3.4057789516427723,0.355048894149442,3.45156315266474,5.573493074847581e-4,601,0.9999897167773916,No,No,N_Shelf,chr10,LDB1;LDB1,Body;TSS1500
cg00580617,-0.5303152006165628,0.5884194702653012,0.16365742869592048,-3.240397975468021,0.001193629781259667,601,0.9999897167773916,No,No,OpenSea,chr15,,
cg00666247,0.4939409271576773,1.638761751619832,0.16554423427821707,2.9837398403592235,0.0028474877096951344,601,0.9999897167773916,No,No,S_Shore,chr1,PRKCZ;PRKCZ;PRKCZ,5'UTR;Body;Body
cg00672147,-0.42105238121644695,0.6563557197976788,0.14258477492163785,-2.9529967799707237,0.0031470524574984207,601,0.9999897167773916,Yes,No,Island,chr11,,
cg00796466,-0.464549682375511,0.6284180291961201,0.1498972671905118,-3.0991204248246365,0.0019409610935949596,601,0.9999897167773916,Yes,Yes,OpenSea,chr2,,
cg00911376,0.3073609476340456,1.3598317075385642,0.10630305485964706,2.89136514505493,0.0038357217108849983,601,0.9999897167773916,No,No,S_Shelf,chr16,KCNG4,TSS1500
cg00919118,0.8990942214729959,2.4573762641412644,0.2930408832848169,3.06815285087417,0.0021538641821811275,601,0.9999897167773916,Yes,No,OpenSea,chr10,TCF7L2;TCF7L2;TCF7L2;TCF7L2;TCF7L2;TCF7L2,Body;Body;Body;Body;Body;Body
cg00943950,0.8597322448143587,2.362528029878842,0.2625517860670345,3.2745244574144796,0.0010583997682585122,601,0.9999897167773916,Yes,No,N_Shore,chr5,UBE2B;UBE2B,5'UTR;1stExon
cg00959464,0.47543207595435527,1.6087091318761868,0.1597470076897791,2.9761563789515306,0.0029188598203456987,601,0.9999897167773916,Yes,No,S_Shore,chr3,,
cg00994629,-0.6281702676926236,0.533567193513306,0.19209178419067588,-3.2701568697445365,0.0010748785857785062,601,0.9999897167773916,Yes,No,OpenSea,chr14,,
cg01007199,-0.20907220729363682,0.8113366491045889,0.0734217305604278,-2.847552157893711,0.004405687411097935,601,0.9999897167773916,Yes,No,OpenSea,chr12,,
cg01014432,0.6917357897603956,1.9971792094880454,0.23433416549158395,2.951920341232696,0.0031580438959878544,601,0.9999897167773916,Yes,No,Island,chr7,TBXAS1;TBXAS1;TBXAS1;HIPK2;HIPK2;TBXAS1,1stExon;1stExon;5'UTR;TSS1500;TSS1500;5'UTR
cg01034636,-0.36271377668627236,0.6957855550483306,0.11420640850481184,-3.1759494185564043,0.0014934698919946018,601,0.9999897167773916,Yes,No,N_Shore,chr11,,
cg01035334,-0.7307892421677473,0.48152879724605424,0.2303496614404149,-3.172521451075726,0.0015112139479933103,601,0.9999897167773916,Yes,No,OpenSea,chr11,,
cg01055830,-0.7679859182143585,0.46394655424157333,0.26355164489600513,-2.9139864352483857,0.003568454117777161,601,0.9999897167773916,Yes,No,N_Shore,chr5,RBM22,Body
cg01077554,-0.3526736621025694,0.7028065083563599,0.12064985558890656,-2.923117150709601,0.0034654610366254,601,0.9999897167773916,Yes,No,Island,chr5,,
cg01136460,-0.7303591115188722,0.4817359620908463,0.22922614536740407,-3.18619462168354,0.0014415758586747648,601,0.9999897167773916,No,No,OpenSea,chr1,EYA3;EYA3;EYA3;EYA3;EYA3,Body;5'UTR;Body;Body;Body
cg01149683,0.4307365478402062,1.5383902043426811,0.12994396081599563,3.3147869676694057,9.17129895299782e-4,601,0.9999897167773916,Yes,No,OpenSea,chr3,,
cg01166480,0.5452301662657643,1.7250053747330842,0.18846983136338993,2.89293072701117,0.0038166546468900685,601,0.9999897167773916,Yes,No,Island,chr22,EMID1;EMID1,TSS1500;TSS1500
cg01173316,-0.7689511349487189,0.4634989613104139,0.20363315288292802,-3.776158862455964,1.592654337689596e-4,601,0.9999897167773916,Yes,Yes,OpenSea,chr10,,
cg01223463,-0.6023084636862944,0.547546185546771,0.21235644060153616,-2.8363089058196307,0.0045638280501995145,601,0.9999897167773916,Yes,No,OpenSea,chr6,,
cg01258050,-0.47483193371624427,0.6219895831588438,0.15745060022209878,-3.0157518170553144,0.0025634298370556,601,0.9999897167773916,Yes,No,OpenSea,chr10,KNDC1,Body
cg01290421,-0.8812516121332721,0.41426408910669105,0.2747184607753733,-3.2078354313940247,0.0013373800214746233,601,0.9999897167773916,No,No,N_Shelf,chr16,SPIRE2,Body
cg01304256,0.37891322786995935,1.4606962825164111,0.11602288121902274,3.265849148795608,0.0010913637124155087,601,0.9999897167773916,No,No,OpenSea,chr2,FEZ2;FEZ2,Body;Body
cg01319907,0.49111699387676255,1.6341405258575918,0.17175102466604358,2.85947053201983,0.00424348841450826,601,0.9999897167773916,No,No,OpenSea,chr1,,
cg01329977,0.583578184222133,1.7924406526168914,0.16968722475297715,3.4391403658801027,5.835645726738533e-4,601,0.9999897167773916,No,No,OpenSea,chr6,,
cg01387383,0.5749944469309214,1.777120658412861,0.19963000493341931,2.880300719937836,0.003972960235190821,601,0.9999897167773916,No,No,OpenSea,chr14,CCDC88C,Body
cg01392627,1.601674290787219,4.961332187121352,0.521271244173749,3.0726312043665165,0.0021218053467509635,601,0.9999897167773916,Yes,No,OpenSea,chr15,,
cg01444621,0.4090782756951783,1.5054295544186471,0.14358461895041802,2.8490396721144577,0.004385141207359594,601,0.9999897167773916,Yes,No,N_Shore,chr7,ICA1;ICA1;ICA1;ICA1,5'UTR;5'UTR;5'UTR;5'UTR
cg01457185,0.5769720078606451,1.7806385000209546,0.17871865215290447,3.2283815981725907,0.0012449278289832196,601,0.9999897167773916,No,No,OpenSea,chr6,TNFRSF21,Body
cg01518090,0.37179987926955027,1.4503427086070877,0.11161890987304857,3.330975725281876,8.65421488288611e-4,601,0.9999897167773916,No,No,OpenSea,chr11,MICALCL,Body
cg01558960,0.5746967203078303,1.7765916410355926,0.1792649255636821,3.2058514430569685,0.0013466349124314726,601,0.9999897167773916,Yes,No,N_Shelf,chr16,,
cg01572810,0.4861751981065868,1.6260848582452825,0.13198565051461433,3.683545871926087,2.3001186878689813e-4,601,0.9999897167773916,Yes,No,Island,chr7,,
cg01584377,0.5922628595648393,1.808075210015764,0.1736170936863264,3.411316518377385,6.46499960644846e-4,601,0.9999897167773916,Yes,Yes,OpenSea,chr7,TBXAS1;TBXAS1,5'UTR;5'UTR
cg01599714,0.5742766119619646,1.7758454368142838,0.1794970594958429,3.1993650123012998,0.001377306687191089,601,0.9999897167773916,Yes,No,OpenSea,chr8,,
cg01695954,-0.7931702277690722,0.4524082821495357,0.24513385343840235,-3.235661727842015,0.0012136111307599433,601,0.9999897167773916,Yes,No,S_Shore,chr2,RRM2;RRM2,TSS1500;TSS1500
cg01734180,0.5884032056130651,1.8011101154602256,0.1994918839006648,2.949509494361461,0.0031827879350561027,601,0.9999897167773916,No,Yes,OpenSea,chr20,MANBAL;MANBAL,5'UTR;5'UTR
cg01740891,-0.456912783785099,0.6332355660636362,0.14504523939381875,-3.1501398163404373,0.0016319234317279773,601,0.9999897167773916,Yes,No,S_Shore,chr5,LPCAT1,Body
cg01798813,0.485838988526918,1.6255382448320679,0.16927451989805464,2.8701247465921855,0.00410309890021494,601,0.9999897167773916,Yes,No,N_Shore,chr17,,
cg01891925,-0.374464766933625,0.6876572372021162,0.11753793258732889,-3.1859056790487905,0.0014430163425355694,601,0.9999897167773916,No,No,S_Shore,chr4,BTC,TSS1500
cg02070857,-0.29221254187893203,0.7466098332516788,0.092518477439259,-3.1584235924199877,0.001586248852406743,601,0.9999897167773916,Yes,No,N_Shore,chr8,,
cg02148612,0.9612885928746191,2.615064056145007,0.30183869413557224,3.184775880466975,0.0014486615437509457,601,0.9999897167773916,No,No,N_Shore,chr1,,
cg02163378,0.24420828591179852,1.2766102027198583,0.07239780144919779,3.3731450544553034,7.431479173083722e-4,601,0.9999897167773916,No,No,OpenSea,chr14,OTX2OS1,Body
cg02170687,0.5326264726203456,1.7034003728666391,0.1737672518958542,3.0651717559507143,0.002175450266310952,601,0.9999897167773916,No,No,OpenSea,chr2,BCL11A;BCL11A;BCL11A,Body;Body;Body
cg02256047,0.662543212720919,1.939719185238536,0.23442667355037983,2.826227931688559,0.004709973609047246,601,0.9999897167773916,Yes,No,Island,chr14,GOLGA5,TSS200
cg02305391,0.2478729894610316,1.281297183612978,0.08577551703971005,2.8897871795547205,0.0038550271287249435,601,0.9999897167773916,No,No,OpenSea,chr10,ADARB2,Body
cg02413470,0.5462362276266264,1.726741709270973,0.18279790865489473,2.9881973576506775,0.002806282768019464,601,0.9999897167773916,No,No,OpenSea,chr4,NPFFR2;NPFFR2;NPFFR2,5'UTR;Body;Body
cg02489443,1.2714886320300922,3.5661573089625134,0.3689836070184679,3.4459217370230038,5.691151564649067e-4,601,0.9999897167773916,Yes,No,Island,chr5,SNX24;SNX24,5'UTR;1stExon
cg02524205,-0.23715320388174727,0.7888704207485244,0.08145136545533194,-2.911592734584695,0.0035959114897911285,601,0.9999897167773916,Yes,No,OpenSea,chr6,,
cg02540094,1.0190112814533931,2.77045420990938,0.2599477397728307,3.9200620953423595,8.852615601980124e-5,601,0.9999897167773916,No,No,Island,chr3,LNP1;LNP1;TOMM70A,5'UTR;1stExon;TSS1500
cg02550120,0.736285723704774,2.0881650706176234,0.19763335433762697,3.7255134699932286,1.9491804309180127e-4,601,0.9999897167773916,Yes,No,Island,chr2,INO80B-WBP1;INO80B;WBP1,Body;Body;TSS1500
cg02569086,0.7639424796945646,2.1467229707073394,0.2653741404255296,2.878737462774544,0.003992705646781234,601,0.9999897167773916,Yes,No,Island,chr12,ITPR2,1stExon
cg02826333,0.3696217569159148,1.4471871226068067,0.12545662625509696,2.9462115150804804,0.0032169233898959614,601,0.9999897167773916,Yes,No,OpenSea,chr4,GABRG1,TSS1500
cg02922563,0.7619334389419256,2.142414446224385,0.2515586212418813,3.0288504332725825,0.002454861845903545,601,0.9999897167773916,Yes,No,Island,chr3,ATRIP;ATRIP,TSS1500;TSS1500
cg03027239,-0.5810033715510297,0.559336862218774,0.19270703183440724,-3.014956776721488,0.0025701587993473087,601,0.9999897167773916,No,No,Island,chr3,ZBTB47,Body
cg03120782,-0.6382501707885779,0.5282159034595966,0.21612820013247494,-2.953109175005228,0.003145906812876721,601,0.9999897167773916,Yes,No,N_Shore,chr19,AKAP8,Body
cg03122179,-1.0514634648176908,0.34942600208017227,0.2900160855440633,-3.625534986603141,2.883638506007039e-4,601,0.9999897167773916,Yes,No,OpenSea,chr1,PDZK1;PDZK1;PDZK1;NBPF20;NBPF10;NBPF10,TSS200;TSS200;TSS200;Body;Body;Body
cg03220091,0.45373934790554993,1.5741876286931247,0.13449836893551967,3.3735676610552705,7.420080818821999e-4,601,0.9999897167773916,No,No,OpenSea,chr14,,
cg03241987,-0.5460760762510314,0.5792181649580799,0.1894930419761012,-2.881773760959003,0.0039544355202777446,601,0.9999897167773916,Yes,No,OpenSea,chr9,,
cg03272941,0.5414537787900401,1.7185033708106188,0.16548012300173082,3.2720170191339344,0.0010678314784320565,601,0.9999897167773916,Yes,No,OpenSea,chr14,RHOJ,Body
cg03414300,-0.53672620361192,0.5846591777813862,0.16431088678708783,-3.266528555149262,0.001088748269567114,601,0.9999897167773916,No,No,OpenSea,chr1,SCP2;SCP2;SCP2;SCP2;SCP2;SCP2;SCP2,TSS1500;TSS1500;TSS1500;Body;Body;Body;Body
cg03501899,-0.4845803731744577,0.6159556140400771,0.1664014753643139,-2.9121158458092595,0.0035898946923160484,601,0.9999897167773916,No,No,OpenSea,chr15,,
cg03513986,0.45884299472627416,1.5822422629002706,0.15320402235277805,2.9949800774140964,0.00274462767710598,601,0.9999897167773916,Yes,No,OpenSea,chr15,,
cg03609435,0.5055928923848525,1.6579682258482265,0.16553749317636277,3.0542500232632888,0.0022562395840232956,601,0.9999897167773916,Yes,No,OpenSea,chr17,,
cg03638567,-0.8303347706511551,0.4359033342496162,0.2863026588945585,-2.9001992990814536,0.0037292546178269736,601,0.9999897167773916,Yes,Yes,OpenSea,chr1,,
cg03647429,0.7652798292367745,2.1495958102566206,0.2650946029393783,2.886817840692812,0.0038915946427502076,601,0.9999897167773916,Yes,No,Island,chr4,TMEM129;TMEM129;TMEM129;TMEM129;TACC3,1stExon;1stExon;5'UTR;5'UTR;TSS200
cg03714603,-0.5307145700071152,0.5881845204590753,0.1390187609259674,-3.8175751709493384,1.3476973143823498e-4,601,0.9999897167773916,No,No,OpenSea,chr22,,
cg03732020,1.5413464600836733,4.670875185838668,0.4437112901335679,3.473759839691459,5.132201712758746e-4,601,0.9999897167773916,No,No,OpenSea,chr11,NR1H3;NR1H3;NR1H3,Body;Body;Body
cg03766648,0.47484238513569643,1.6077607705187011,0.14976611564834963,3.1705595293038438,0.0015214565462911096,601,0.9999897167773916,Yes,No,OpenSea,chr8,SCARA5,Body
cg03768469,-0.24808644859940504,0.7802924851697776,0.0801642324368795,-3.0947274246621865,0.0019699384391939755,601,0.9999897167773916,Yes,No,OpenSea,chr2,,
cg03895914,-0.5581475628232881,0.5722681734184705,0.19654193710181977,-2.8398395327412302,0.004513623261893228,601,0.9999897167773916,Yes,No,N_Shelf,chr16,TFAP4,Body
cg03926776,-0.5487539404024048,0.5776691723198891,0.183222021087453,-2.995021761824585,0.002744252620905628,601,0.9999897167773916,No,No,OpenSea,chr12,GLT1D1,Body
cg03998835,0.2135957720430267,1.2381220700702307,0.0713293259420639,2.994501479188468,0.002748937229418198,601,0.9999897167773916,No,No,OpenSea,chr6,,
cg04011062,0.40736737104055565,1.5028561100734878,0.1329403488002986,3.0642869130161383,0.002181895469280945,601,0.9999897167773916,No,No,OpenSea,chr7,OR9A2,TSS200
cg04064054,0.4108621629616946,1.5081174677858247,0.13906087807915515,2.9545488899316945,0.0031312653600083355,601,0.9999897167773916,Yes,No,N_Shore,chr16,PIGQ;NHLRC4;PIGQ,TSS1500;3'UTR;TSS1500
cg04096369,0.40479352292241266,1.4989929604156558,0.14387034035373433,2.813599536409978,0.004899021667100462,601,0.9999897167773916,No,No,OpenSea,chr4,SH3RF1,Body
cg04100174,0.422296822058756,1.5254612480390117,0.13743722446060827,3.072652432527791,0.0021216544299472095,601,0.9999897167773916,No,No,N_Shore,chr1,NPHP4;NPHP4;NPHP4;NPHP4,5'UTR;Body;5'UTR;5'UTR
cg04167225,0.49532192215547605,1.6410264368009324,0.17083020457457768,2.8994985013861423,0.003737601317632273,601,0.9999897167773916,No,No,OpenSea,chr15,,
cg04297410,-0.4616047154889762,0.6302714272414227,0.16247887193693125,-2.841013788353697,0.004497036797728421,601,0.9999897167773916,Yes,No,N_Shore,chr20,SLC9A8,TSS1500
cg04297715,-0.5571362721512053,0.5728471956147039,0.18468166241109205,-3.016738450789165,0.002555101694056177,601,0.9999897167773916,Yes,No,OpenSea,chr14,,
cg04360546,-0.6792798067873892,0.5069819859020422,0.21793011168621973,-3.116961678822201,0.0018272532249376204,601,0.9999897167773916,Yes,No,OpenSea,chr1,ARHGEF10L;ARHGEF10L,Body;Body
cg04389822,-0.49335051598933166,0.610577214476902,0.15661554570063166,-3.1500737285196707,0.0016322926404270578,601,0.9999897167773916,Yes,No,Island,chr18,SALL3,Body
cg04415310,0.2613173442581585,1.2986397159065657,0.09032087058391425,2.8932110880771114,0.003813249264189049,601,0.9999897167773916,No,No,OpenSea,chr12,ZNF664-FAM101A,5'UTR
cg04476891,-0.2089949389390677,0.8113993421745309,0.07392698704858901,-2.827045268349762,0.004697968615554427,601,0.9999897167773916,No,No,OpenSea,chr20,DEFB121,TSS200
cg04576607,-0.5766706225359134,0.5617655861838773,0.18900006715969256,-3.0511662307964413,0.00227954332554919,601,0.9999897167773916,No,No,OpenSea,chr1,GNG4;GNG4;GNG4,5'UTR;5'UTR;5'UTR
cg04723544,0.942745942210029,2.567020639587047,0.3098434851161374,3.0426521372771913,0.002345032444749932,601,0.9999897167773916,No,Yes,OpenSea,chr19,ACTN4,Body
cg04738197,0.6708138612228434,1.95582844600123,0.19583490072838602,3.4254050668590033,6.138834264950227e-4,601,0.9999897167773916,Yes,No,OpenSea,chr1,TMCO4,5'UTR
cg04739401,0.6379302350782367,1.892559669097688,0.21251552153134193,3.001805376291794,0.002683837020965246,601,0.9999897167773916,Yes,No,Island,chr11,MUS81,TSS200
cg04745278,0.5008283272413547,1.6500875172135347,0.16135000537286295,3.103987050288551,0.0019093168766578783,601,0.9999897167773916,Yes,No,OpenSea,chr3,OSTN,Body
cg04915494,0.6344407532807446,1.885967125551554,0.19678702348779478,3.223996897946343,0.0012641476903562452,601,0.9999897167773916,Yes,No,S_Shore,chr16,FLYWCH1;FLYWCH1,5'UTR;5'UTR
cg04953373,-0.5321603718624992,0.5873347366456229,0.15681507535395003,-3.393553653316499,6.899204205026083e-4,601,0.9999897167773916,Yes,No,OpenSea,chr6,RPS6KA2;RPS6KA2,Body;Body
cg04968127,0.9755822483226775,2.65271129812179,0.3113433248848496,3.133461263971202,0.0017275771940591874,601,0.9999897167773916,Yes,No,OpenSea,chr11,MRVI1;MRVI1;MRVI1;MRVI1;MRVI1,1stExon;5'UTR;1stExon;5'UTR;TSS200
cg05217755,0.87477730816508,2.398341143503821,0.2985218162856178,2.930363077143133,0.003385661629891487,601,0.9999897167773916,Yes,No,Island,chr19,ERF,Body
cg05252749,0.6039459374326022,1.829322971428039,0.1885456330335422,3.203181785309026,0.0013591815611239996,601,0.9999897167773916,Yes,No,N_Shore,chr1,TAL1;TAL1;TAL1;TAL1;TAL1;TAL1,5'UTR;5'UTR;5'UTR;5'UTR;5'UTR;5'UTR
cg05341932,0.6611887468604657,1.937093680303056,0.2180747603761392,3.0319361384143475,0.0024299060613345524,601,0.9999897167773916,Yes,Yes,OpenSea,chr1,DTL;DTL;DTL,Body;Body;Body
cg05366712,-0.43541814171053067,0.6469940752997736,0.15270579138534904,-2.851353165851873,0.004353358748672631,601,0.9999897167773916,Yes,No,OpenSea,chr2,GLI2,Body
cg05424450,-0.3541636854688338,0.7017600900244312,0.12362118600405207,-2.8649109179168124,0.004171265677148715,601,0.9999897167773916,No,No,N_Shore,chr17,TRIM37;TRIM37,Body;Body
cg05491587,-0.2142089059473549,0.8071797427592621,0.06869412271358186,-3.118300336121806,0.001818973414083605,601,0.9999897167773916,Yes,No,Island,chr18,KCNG2,Body
cg05530294,-0.4328687941319815,0.6486455923299879,0.14824868836119504,-2.9198827923342856,0.003501630555309843,601,0.9999897167773916,No,No,Island,chr7,CLIP2;CLIP2,Body;Body
cg05573699,0.7615800296422124,2.1416574308112724,0.2130992757187003,3.5738273960514486,3.518008807176872e-4,601,0.9999897167773916,Yes,No,Island,chr3,GNL3;GNL3;GNL3;GNL3;GNL3;PBRM1;GNL3,1stExon;5'UTR;5'UTR;1stExon;5'UTR;TSS1500;1stExon
cg05608511,0.5259450107418595,1.6920571052154774,0.18654084456108502,2.819463008111516,0.004810407519654727,601,0.9999897167773916,No,No,OpenSea,chr5,C5orf33;C5orf33,3'UTR;3'UTR
cg05610131,-0.40109767396319185,0.6695846568567162,0.13693809179665475,-2.9290438379906667,0.0034000646580371794,601,0.9999897167773916,Yes,No,OpenSea,chr13,,
cg05677013,0.23998292368413396,1.2712274422547167,0.08190833869982081,2.9298961191683768,0.003390753362916713,601,0.9999897167773916,Yes,No,OpenSea,chr1,PIGR,Body
cg05887079,0.4626866291158696,1.5883355263114416,0.1642780781584043,2.8164843069915046,0.004855241487581698,601,0.9999897167773916,No,No,OpenSea,chr16,CMIP;CMIP,Body;Body
cg05929056,-0.2876303206836011,0.7500388148304943,0.0933489938051714,-3.081236432863048,0.0020614288940438217,601,0.9999897167773916,No,No,Island,chr21,PRDM15;PRDM15,Body;Body
cg05986838,0.7103730030056329,2.0347500850131164,0.24457446448542122,2.9045264578223264,0.00367809115166926,601,0.9999897167773916,Yes,No,OpenSea,chr8,MFHAS1,3'UTR
cg06172950,-0.7797538265407997,0.4585188725899012,0.23043815131821024,-3.3837878931082197,7.149321073614075e-4,601,0.9999897167773916,Yes,No,OpenSea,chr13,COG3,Body
cg06191297,-0.6091592576010237,0.5438078792746576,0.1639093749802645,-3.71643939020797,2.0205008213087348e-4,601,0.9999897167773916,Yes,Yes,OpenSea,chr4,WDR17;WDR17,5'UTR;5'UTR
cg06191348,-0.6072319571866491,0.5448569710585023,0.17598057150718258,-3.450562479630686,5.594196621090676e-4,601,0.9999897167773916,Yes,No,S_Shore,chr17,DUS1L,TSS1500
cg06335984,-1.0540368940000313,0.3485279350609116,0.2643057637592944,-3.9879451700491564,6.664806170759978e-5,601,0.9999897167773916,No,No,OpenSea,chr7,XRCC2,3'UTR
cg06524362,0.398080649121987,1.4889641087131253,0.11392670992711765,3.494181912008617,4.755168862354473e-4,601,0.9999897167773916,No,No,N_Shore,chr4,SPCS3,TSS1500
cg06551785,-0.6986830774671934,0.49723969896673326,0.21490890329874576,-3.251066227330522,0.0011497307207495447,601,0.9999897167773916,No,No,S_Shore,chr1,,
cg06577270,-0.5674307162561093,0.566980302194185,0.15705843464646727,-3.612863693270437,3.0283391514552606e-4,601,0.9999897167773916,Yes,No,OpenSea,chr13,,
cg06656387,0.6521111627697433,1.9195891192922867,0.21483805727391986,3.035361476660057,0.002402475559015619,601,0.9999897167773916,No,No,OpenSea,chr11,C11orf63,Body
cg06730882,1.1162022257969133,3.0532366534424864,0.37002686445182376,3.016543751358461,0.002556743183262125,601,0.9999897167773916,Yes,No,N_Shore,chr1,LOC100130093;LOC100130093,TSS200;TSS200
cg06746829,-0.532713953149478,0.5870096891046422,0.17999946372241493,-2.9595307793305405,0.0030810792216934375,601,0.9999897167773916,Yes,No,OpenSea,chr1,PADI2,Body
cg06755612,0.5838207200387022,1.792875436397414,0.20321960316528784,2.872856313787081,0.004067790787659463,601,0.9999897167773916,Yes,No,Island,chr14,FKBP3;FANCM,TSS200;TSS1500
cg06756463,0.9496596967495247,2.5848298836177506,0.2819397686409854,3.3683070016234424,7.563132805789865e-4,601,0.9999897167773916,Yes,No,OpenSea,chr14,PSMB5;PSMB5;PSMB5;PSMB5;PSMB5,5'UTR;1stExon;1stExon;5'UTR;5'UTR
cg06757548,-0.47772140875899205,0.6201949537984542,0.16968062778607287,-2.8154151419175895,0.004871426017945287,601,0.9999897167773916,Yes,No,OpenSea,chr2,D2HGDH;D2HGDH;D2HGDH,5'UTR;Body;Body
cg06769082,0.7166975545201519,2.0476597476259406,0.232289993647313,3.0853569853220506,0.002033079720080039,601,0.9999897167773916,Yes,No,Island,chr7,ZNF655;ZNF655;ZNF655;ZNF655;ZNF655;ZNF655;ZNF655;ZNF655;ZNF655;ZNF655;ZNF655;ZNF655,5'UTR;5'UTR;1stExon;5'UTR;5'UTR;1stExon;1stExon;5'UTR;1stExon;5'UTR;5'UTR;5'UTR
cg06775471,0.42475720770174796,1.5292190919695805,0.1375841600446766,3.087253703942517,0.002020151012723517,601,0.9999897167773916,Yes,No,OpenSea,chr3,OSTN,Body
cg06801658,0.6892766359583055,1.9922738726025633,0.18623506946805893,3.7011108483868176,2.1465767097412442e-4,601,0.9999897167773916,Yes,No,Island,chr20,,
cg06810698,-0.2591264597423498,0.7717254246743321,0.08020297586268439,-3.230883355076507,0.0012340829100930938,601,0.9999897167773916,Yes,No,OpenSea,chr19,,
cg06887580,0.4907229735761066,1.6334967681514108,0.17396311674077658,2.8208449168414,0.004789735192061245,601,0.9999897167773916,No,No,S_Shore,chr6,LTB;LTB,TSS1500;TSS1500
cg06910084,-0.5484036687219619,0.5778715489129431,0.1914383240308392,-2.8646493407120426,0.00417471250915901,601,0.9999897167773916,Yes,No,OpenSea,chr1,TTLL10;TTLL10,3'UTR;Body
cg06947721,0.2767258098705556,1.318804718220008,0.09229665137018242,2.9982215580136997,0.0027156017522830217,601,0.9999897167773916,Yes,No,OpenSea,chr1,,
cg07117660,0.922439716688226,2.5154198215742496,0.24368306983276958,3.785407485720125,1.534569166649545e-4,601,0.9999897167773916,Yes,No,Island,chr7,UBN2,TSS1500
cg07288476,0.619531365142629,1.8580570874643194,0.22065370475004867,2.8077088750647516,0.004989531060895736,601,0.9999897167773916,Yes,No,Island,chr1,,
cg07563422,-0.7367842694860443,0.4786506548432986,0.19042980825465097,-3.869059556583623,1.0925595465918772e-4,601,0.9999897167773916,Yes,No,OpenSea,chr2,DYSF;DYSF;DYSF;DYSF;DYSF;DYSF;DYSF;DYSF;DYSF;DYSF;DYSF;DYSF;DYSF;DYSF,Body;Body;Body;Body;Body;Body;Body;Body;Body;Body;Body;Body;Body;Body
cg07613364,-0.6776957455568066,0.5077857128187752,0.21515338363472328,-3.149826110601006,0.0016336766756816984,601,0.9999897167773916,Yes,No,N_Shore,chr5,,
cg07616436,0.5920753835488938,1.8077362710513165,0.17181831452579172,3.4459387241865715,5.690793830747989e-4,601,0.9999897167773916,No,No,OpenSea,chr6,,
cg07627699,0.33045467346956875,1.3916007085666058,0.08343220287066244,3.9607569032049095,7.471256403483644e-5,601,0.9999897167773916,Yes,No,OpenSea,chr4,,
cg07760544,0.41769009903977683,1.5184500323567174,0.12082742230784536,3.456914755456602,5.463976622054178e-4,601,0.9999897167773916,No,No,OpenSea,chr5,BASP1,5'UTR
cg07775147,0.6030647913023576,1.82771178052236,0.18446959861846798,3.2691825418325724,0.0010785869354695374,601,0.9999897167773916,Yes,No,N_Shore,chr12,FBRSL1,Body
cg07904751,-0.2884842589578087,0.7493986013696623,0.08503630218120566,-3.392483581224775,6.926208282548939e-4,601,0.9999897167773916,Yes,No,OpenSea,chr12,ZNF664-FAM101A,5'UTR
cg07996027,0.5363939059394727,1.7098299240349932,0.1641543168487992,3.2676198606067692,0.0010845593111571065,601,0.9999897167773916,Yes,No,OpenSea,chr12,,
cg08012149,0.4517742986386986,1.5710973097563732,0.13483362639520194,3.3506055626994176,8.063506886978808e-4,601,0.9999897167773916,Yes,Yes,OpenSea,chr6,RUNX2;RUNX2;RUNX2,Body;Body;Body
cg08281455,-0.36102256852530795,0.6969632688562044,0.1197769593620278,-3.014123671599572,0.002577227257200485,601,0.9999897167773916,Yes,No,N_Shore,chr5,,
cg08417008,0.6590221738173303,1.9329013684680947,0.22473467865356653,2.9324453963476973,0.003363040550832003,601,0.9999897167773916,Yes,No,Island,chr3,LSG1,1stExon
cg08423443,0.44636054074428183,1.5626147512695419,0.15741253461031543,2.83560989503965,0.004573827620222956,601,0.9999897167773916,Yes,No,OpenSea,chr20,,
cg08423524,0.5301472655653153,1.6991825212688134,0.15784747501284294,3.3586046626477932,7.8337049824419e-4,601,0.9999897167773916,Yes,No,OpenSea,chr11,,
cg08699646,0.558592326185061,1.7482098581639762,0.17224174896030253,3.2430716104363455,0.0011824848646724694,601,0.9999897167773916,Yes,No,Island,chr16,TEPP;TEPP,Body;Body
cg08711867,0.7652822146177785,2.1496009378677483,0.22786143273926382,3.358542099107539,7.835478507011787e-4,601,0.9999897167773916,Yes,No,N_Shore,chr1,RNF2,TSS1500
cg08756640,0.358029363459331,1.4305076245156583,0.10866645954407411,3.294755023412883,9.850751532088078e-4,601,0.9999897167773916,Yes,No,S_Shore,chr10,,
cg08763433,0.8057979934830827,2.238482080396156,0.26135552721925387,3.0831488511321603,0.0020482267660118596,601,0.9999897167773916,Yes,No,OpenSea,chr1,TMEM79;SMG5,TSS1500;1stExon
cg08892362,-0.9892995519556441,0.3718370523627512,0.3489608898199369,-2.834986902016787,0.004582756452089424,601,0.9999897167773916,No,No,OpenSea,chr9,PPP2R4;PPP2R4;PPP2R4;PPP2R4;PPP2R4;PPP2R4,Body;Body;Body;Body;Body;Body
cg09023235,0.28078280160115576,1.3241659659715224,0.08898614008247924,3.1553543208066395,0.00160303298207595,601,0.9999897167773916,No,Yes,OpenSea,chr18,DCC,Body
cg09089410,0.491064107762945,1.6340541048010047,0.14842600411271817,3.3084775858414908,9.380469323053147e-4,601,0.9999897167773916,Yes,No,OpenSea,chr2,,
cg09093386,0.592218665166501,1.8079953049853974,0.18143789521793255,3.264029625427272,0.0010983967959823577,601,0.9999897167773916,No,No,N_Shore,chr15,DUOX1;DUOX1,Body;Body
cg09094514,-0.22498042379812755,0.7985318508270817,0.07068953364411407,-3.182655369192133,0.0014593119738383377,601,0.9999897167773916,No,No,OpenSea,chr17,ALDH3A2;ALDH3A2,Body;Body
cg09115939,0.4806015543136607,1.6170468511818463,0.16026025780213504,2.9988816997101946,0.002709724981875353,601,0.9999897167773916,Yes,No,OpenSea,chr13,TPP2,Body
cg09188797,0.5541931431096321,1.7405360545529305,0.17970679011955984,3.08387425283666,0.0020432393763209072,601,0.9999897167773916,Yes,No,OpenSea,chr17,TNS4,Body
cg09210964,-0.38742184461002344,0.678804684423138,0.10423885763576948,-3.716673929445289,2.018626924787673e-4,601,0.9999897167773916,No,No,N_Shelf,chr12,,
cg09259916,-0.5236155272258836,0.5923749238611582,0.17354064419522572,-3.0172501067636857,0.0025507925729179324,601,0.9999897167773916,No,No,OpenSea,chr1,,
cg09289820,-0.18032198598903093,0.835001309399806,0.06035009547909929,-2.9879320746307823,0.002808719701679675,601,0.9999897167773916,Yes,No,S_Shore,chr6,,
cg09310966,-0.8955658699977147,0.4083764452674869,0.2657978210760899,-3.3693499306051167,7.534570726057805e-4,601,0.9999897167773916,Yes,No,OpenSea,chr6,TREM1,TSS1500
cg09333723,-0.3363441618927155,0.714377202093154,0.10630431134289249,-3.1639747969187466,0.0015563027185299325,601,0.9999897167773916,No,No,OpenSea,chr1,LOC149620,TSS1500
cg09365924,-0.9066652701557297,0.40386877418632633,0.2890194996302928,-3.1370384050747977,0.001706637705551288,601,0.9999897167773916,Yes,Yes,N_Shelf,chr12,RARG;RARG,Body;Body
cg09378238,0.8862355233719851,2.4259798954577123,0.25887728737424853,3.423380754491567,6.184738047341796e-4,601,0.9999897167773916,Yes,No,Island,chr7,CHN2,Body
cg09385130,-0.6614665146477222,0.5160939199544744,0.21267252821200752,-3.1102583874317986,0.0018692374999440592,601,0.9999897167773916,Yes,Yes,OpenSea,chr8,LOC101927588,Body
cg09439723,-0.6221412345532817,0.5367938047042293,0.19349227871658042,-3.2153284807016447,0.0013029533286504664,601,0.9999897167773916,Yes,No,OpenSea,chr3,,
cg09488015,0.4433657790590295,1.5579420927252836,0.1567961934360235,2.8276565224138115,0.004689008663257689,601,0.9999897167773916,No,No,OpenSea,chr6,HMGA1P7,TSS1500
cg09517926,-0.783296567243411,0.4568973331599276,0.2200435007256864,-3.5597350735657254,3.7122910512820594e-4,601,0.9999897167773916,Yes,No,OpenSea,chr7,PRKAG2,Body
cg09548275,0.6018069098555112,1.825414181140227,0.19817322535080525,3.0367720401693803,0.0023912622295289517,601,0.9999897167773916,No,No,OpenSea,chr11,NR1H3;NR1H3;NR1H3,Body;Body;Body
cg09688588,0.7010681959709272,2.015904939297074,0.22868515069775203,3.0656480922869935,0.0021719878596333526,601,0.9999897167773916,Yes,No,Island,chr3,CCDC50;CCDC50;CCDC50;CCDC50;UTS2D,5'UTR;1stExon;5'UTR;1stExon;5'UTR
cg09764233,1.1456657368980268,3.14453409252869,0.3100695632249215,3.6948668066042063,2.2000208296363264e-4,601,0.9999897167773916,No,No,N_Shelf,chr10,DNAJC9,Body
cg09776113,0.5032592864984818,1.6541036923398058,0.16285916698403774,3.0901501942952194,0.002000553026303021,601,0.9999897167773916,No,No,S_Shore,chr1,TNFRSF9,TSS1500
cg09817985,0.5060301391505285,1.6586933256047816,0.14749759968935774,3.4307686377017,6.018736979201199e-4,601,0.9999897167773916,No,No,N_Shelf,chr20,,
cg09872392,-0.7249251324076331,0.4843608305271556,0.20114055574963394,-3.604072434352675,3.1326968877799576e-4,601,0.9999897167773916,Yes,No,OpenSea,chr7,PHKG1,TSS1500
cg09873533,0.359829946348945,1.43308569238374,0.11297759976582701,3.1849671713222647,0.0014477043022665882,601,0.9999897167773916,No,No,OpenSea,chr2,,
cg09895009,0.6558625034365217,1.9268036756877904,0.21426533296832162,3.0609828213950445,0.00220611751403572,601,0.9999897167773916,Yes,No,OpenSea,chr1,LCE3A,TSS1500
cg09951720,-0.6520915200871338,0.5209550485700893,0.20325132105732535,-3.2083015091607536,0.001335214395230124,601,0.9999897167773916,Yes,Yes,OpenSea,chr2,,
cg10017964,0.4978886713838646,1.6452439504758563,0.16303354444527365,3.0539032508797206,0.0022588491534734673,601,0.9999897167773916,Yes,No,OpenSea,chr8,,
cg10123352,0.7151497924287659,2.0444929088811854,0.23267497767324566,3.073599918565708,0.002114928508603164,601,0.9999897167773916,Yes,No,Island,chr14,KLHDC2,TSS1500
cg10167677,0.44808517717093305,1.5653120188247869,0.1446402224808231,3.0979292584422136,0.0019487794106269308,601,0.9999897167773916,Yes,No,OpenSea,chr5,THBS4;THBS4;THBS4;THBS4,Body;Body;Body;Body
cg10208294,0.6509179016588199,1.9172999143285405,0.2311446588203013,2.816062914803767,0.004861614511919952,601,0.9999897167773916,Yes,No,Island,chr16,COG7,TSS200
cg10296516,0.24557371385095722,1.27835451255175,0.0750697109963484,3.2712755995943903,0.0010706351805479712,601,0.9999897167773916,No,No,N_Shore,chr8,,
cg10302498,-0.5194321828042044,0.5948582228203062,0.1728773583778615,-3.0046281807989637,0.0026590568945869947,601,0.9999897167773916,Yes,No,N_Shore,chr12,WNT5B;WNT5B,TSS200;5'UTR
cg10334426,0.5873703285049671,1.799250750465875,0.16045584594272394,3.6606352673160556,2.5159068826208333e-4,601,0.9999897167773916,No,No,OpenSea,chr8,RMDN1;RMDN1;RMDN1,Body;Body;Body
cg10391424,-0.47869355417350273,0.6195923270858743,0.12917609279439554,-3.7057441808169584,2.1077095733134445e-4,601,0.9999897167773916,Yes,No,OpenSea,chr22,,
cg10427651,-0.576651278366159,0.5617764531778447,0.1476884161438132,-3.904512577375321,9.441548216145789e-5,601,0.9999897167773916,Yes,No,OpenSea,chr16,PKD1L3;PKD1L3,ExonBnd;Body
cg10522448,0.7198592596762254,2.0541440893946348,0.23725480282124575,3.0341188086236004,0.002412394055029915,601,0.9999897167773916,Yes,No,OpenSea,chr16,LOC100505942,Body
cg10532604,-0.4640676476673118,0.6287210215179917,0.15018604759439377,-3.089951797124427,0.0020018898173727725,601,0.9999897167773916,Yes,No,OpenSea,chr10,,
cg10570484,-0.6651096193644178,0.5142171564591345,0.21624028858456693,-3.075789547442764,0.0020994597281030107,601,0.9999897167773916,Yes,No,OpenSea,chr1,KIRREL;KIRREL,Body;Body
cg10580599,-0.45180049663208055,0.636481137189934,0.1578993438067008,-2.8613196593468517,0.004218814447747715,601,0.9999897167773916,Yes,No,OpenSea,chr14,MIA2,TSS1500
cg10583473,-0.5921418435433986,0.5531412729979607,0.1745697798846609,-3.3920065886239277,6.938277177297398e-4,601,0.9999897167773916,No,No,Island,chr7,MICALL2,Body
cg10586107,0.4592113207942715,1.5828251513114926,0.14488650034378553,3.1694555372975297,0.0015272482309679728,601,0.9999897167773916,No,No,OpenSea,chr1,,
cg10739948,-0.6074262179736893,0.5447511369945172,0.16677373798811998,-3.642217445632591,2.7029959633383853e-4,601,0.9999897167773916,Yes,Yes,OpenSea,chr8,,
cg10777666,-0.6824841476307951,0.5053600428347688,0.18867090953588322,-3.6173257939427796,2.976625402317575e-4,601,0.9999897167773916,Yes,No,OpenSea,chr10,DIP2C,Body
cg10919522,-0.4565720050977066,0.6334513960216858,0.15950829090605245,-2.8623716203355185,0.004204835673480819,601,0.9999897167773916,Yes,No,S_Shore,chr14,C14orf43;C14orf43,5'UTR;TSS1500
cg10957895,0.13461747672453503,1.1440990561176307,0.045254120608919916,2.9747009755836675,0.0029327427472326524,601,0.9999897167773916,Yes,No,N_Shore,chr12,ZFC3H1,Body
cg10959242,-0.42562689068020615,0.6533600713808323,0.141589808382259,-3.0060559834300653,0.002646602659481416,601,0.9999897167773916,No,No,OpenSea,chr4,ZFYVE28,Body
cg11010552,0.9809576612241347,2.6670091105522555,0.33949355218342,2.8894736141973842,0.0038588739015783012,601,0.9999897167773916,No,No,OpenSea,chr5,ACSL6;ACSL6,Body;Body
cg11077681,0.8122907871778595,2.2530633681557592,0.191901169168716,4.232860022148736,2.3073812709565018e-5,601,0.9999897167773916,Yes,No,OpenSea,chr11,MRVI1;MRVI1;MRVI1;MRVI1;MRVI1,1stExon;5'UTR;1stExon;5'UTR;TSS200
cg11088672,-0.544537856952487,0.5801098151184154,0.18034753603713458,-3.0193806298543695,0.002532920860321217,601,0.9999897167773916,Yes,No,OpenSea,chr4,,
cg11314569,0.5828318119321123,1.7911033237169705,0.1921271774015716,3.0335729687732598,0.002416762573502535,601,0.9999897167773916,No,No,S_Shelf,chr17,,
cg11358637,-0.3016100280151113,0.7396264422480914,0.09652727401745614,-3.124609402732824,0.001780413011122037,601,0.9999897167773916,Yes,No,OpenSea,chr16,,
cg11478158,-0.5364802025807389,0.5848030222342264,0.18587402631772645,-2.886256962356315,0.003898537154768219,601,0.9999897167773916,Yes,No,N_Shore,chr11,PGAP2;PGAP2;PGAP2;PGAP2;PGAP2;PGAP2;PGAP2;PGAP2;PGAP2;PGAP2;PGAP2;PGAP2;PGAP2;PGAP2;PGAP2;PGAP2;PGAP2;PGAP2;PGAP2;PGAP2;PGAP2;PGAP2,5'UTR;TSS1500;TSS1500;TSS1500;TSS1500;TSS1500;TSS1500;TSS1500;TSS1500;Body;Body;Body;Body;Body;Body;Body;Body;Body;Body;Body;Body;Body
cg11543399,-0.760516035659329,0.4674251567142932,0.2546464343560321,-2.986556782475968,0.00282138437004031,601,0.9999897167773916,No,No,OpenSea,chr5,F12,TSS1500
cg11561909,-0.4359835992884812,0.6466283310131908,0.14987872920524742,-2.908909100046045,0.003626922987011926,601,0.9999897167773916,Yes,No,S_Shore,chr7,,
cg11579791,0.822127499043083,2.2753354658374327,0.27599251003326697,2.9788036600847874,0.002893761379773554,601,0.9999897167773916,Yes,No,S_Shore,chr4,,
cg11627714,-0.6559989952147958,0.5189234015652344,0.19335791798248325,-3.392666832884621,6.921576828418484e-4,601,0.9999897167773916,No,No,OpenSea,chr1,THBS3;THBS3;THBS3;THBS3,Body;Body;Body;Body
cg11730961,0.7965211166091986,2.217811982965942,0.24137274933671965,3.2999628947260993,9.669761253788339e-4,601,0.9999897167773916,Yes,No,Island,chr1,SFPQ;SFPQ,1stExon;5'UTR
cg11734329,0.5481002999520005,1.7299634825806178,0.16670958880892445,3.2877550947606866,0.0010098964996037103,601,0.9999897167773916,Yes,No,S_Shore,chr19,ARHGEF18,5'UTR
cg11793257,-0.3428236595081958,0.7097633605455307,0.10997318108046834,-3.11733875604952,0.0018249174447250976,601,0.9999897167773916,Yes,Yes,OpenSea,chr20,,
cg11816655,-0.4650805104357757,0.6280845357943053,0.15418714646423676,-3.016337749941106,0.002558481008224572,601,0.9999897167773916,Yes,No,N_Shelf,chr17,,
cg11931253,-0.43902829977654423,0.6446625355659481,0.14256258743445785,-3.0795477809238303,0.002073151131912534,601,0.9999897167773916,Yes,No,Island,chr19,KIAA1543;KIAA1543,Body;Body
cg11995223,0.48257992903462055,1.6202491424163743,0.17058712285957847,2.8289352733375073,0.004670314350988331,601,0.9999897167773916,No,No,OpenSea,chr14,,
cg12057190,0.743918831316595,2.104165247161018,0.19377620741631643,3.8390617776842464,1.2350535489906545e-4,601,0.9999897167773916,No,No,Island,chr19,LENG9;CDC42EP5,TSS1500;3'UTR
cg12061640,0.918058284722155,2.504422789725799,0.29940046431430495,3.0663221809782994,0.0021670966576917967,601,0.9999897167773916,Yes,No,Island,chr3,C3orf71;ARIH2,1stExon;TSS200
cg12111714,0.4357365334555803,1.5461013950917568,0.1488041634392143,2.928254985510377,0.0034087037241503984,601,0.9999897167773916,Yes,No,Island,chr13,ATP8A2,Body
cg12112866,0.5116750920684615,1.668083048671422,0.17802822777866656,2.8741233817403447,0.004051506544022221,601,0.9999897167773916,Yes,No,OpenSea,chr18,,
cg12124902,-0.3196416106469157,0.7264093277972565,0.11259500177559126,-2.838861455715246,0.004527480971664116,601,0.9999897167773916,No,No,OpenSea,chr14,,
cg12134230,0.6274029174484719,1.8727405962016603,0.18940723788166708,3.312454816750162,9.248106319645303e-4,601,0.9999897167773916,No,No,OpenSea,chr11,MRVI1;MRVI1;MRVI1,5'UTR;5'UTR;5'UTR
cg12186807,0.6217714289603676,1.8622239191593082,0.19533712165216263,3.1830684495677057,0.0014572316034832697,601,0.9999897167773916,No,No,OpenSea,chr8,,
cg12296286,-0.7666028697755813,0.46458865872754396,0.2647992026324214,-2.895034660809512,0.0037911666864774898,601,0.9999897167773916,Yes,No,OpenSea,chr12,BICD1;BICD1,Body;Body
cg12304937,-0.8630670952912253,0.42186619221274413,0.29208407048916607,-2.954858489358248,0.0031281249573685676,601,0.9999897167773916,Yes,No,S_Shelf,chr7,PRKAR1B;PRKAR1B;PRKAR1B;PRKAR1B;PRKAR1B;PRKAR1B,Body;Body;Body;Body;Body;Body
cg12422960,-0.5513154435970183,0.5761913644024409,0.18903647561502784,-2.916450075591604,0.0035403937788087594,601,0.9999897167773916,Yes,No,OpenSea,chr12,,
cg12442809,-0.4914014861632631,0.6117684081379384,0.16410312810956046,-2.9944675145691795,0.0027492432996524536,601,0.9999897167773916,No,No,S_Shore,chr4,CRMP1,TSS1500
cg12511023,0.5683415650515079,1.7653369259402176,0.19604076250081537,2.8990989312701947,0.0037423679089091427,601,0.9999897167773916,Yes,No,OpenSea,chr11,PACS1,Body
cg12526318,0.18397739003217045,1.20198864586445,0.05177041913253733,3.553716448792318,3.798284947841414e-4,601,0.9999897167773916,Yes,No,N_Shore,chr5,PCDHB17,TSS200
cg12687527,-0.5484030486761298,0.5778719072198997,0.18062726927509967,-3.0361033019931156,0.002396572403263269,601,0.9999897167773916,No,No,Island,chr9,GNA14,Body
cg12728588,0.9876884903464656,2.685020842086329,0.32987648803486325,2.994116059105373,0.0027524122488070566,601,0.9999897167773916,No,No,S_Shore,chr1,NCDN;NCDN;NCDN,Body;Body;Body
cg12730240,-0.427796128367833,0.6519443142024809,0.14662405468896844,-2.917639464242828,0.0035269188786048425,601,0.9999897167773916,Yes,No,N_Shelf,chr14,TNFAIP2,3'UTR
cg12777918,-0.4119059909288866,0.6623865434688949,0.13855966587281185,-2.972769805225914,0.0029512569893693583,601,0.9999897167773916,No,No,OpenSea,chr10,,
cg12788400,0.6325678105186299,1.882438122915758,0.1830280919827362,3.45612415922631,5.480028374474158e-4,601,0.9999897167773916,No,No,OpenSea,chr6,,
cg12902896,0.7769125110157603,2.1747473807549627,0.2752689250931032,2.822376375222841,0.0047669196548700546,601,0.9999897167773916,Yes,No,OpenSea,chr3,CTDSPL;CTDSPL,Body;Body
cg12934106,-0.28374082554854085,0.7529617678727923,0.08467904284876551,-3.3507797915866187,8.058435608641209e-4,601,0.9999897167773916,Yes,No,S_Shore,chr1,PTCHD2,Body
cg13063369,-0.5012336147051628,0.6057828958927312,0.16617160207294387,-3.0163614507678496,0.002558281013417423,601,0.9999897167773916,Yes,No,OpenSea,chr11,,
cg13069247,0.7125722160577427,2.039229858140075,0.22112327811727955,3.2225110903059604,0.0012707224638291343,601,0.9999897167773916,Yes,No,Island,chr12,GAS2L3,TSS200
cg13188011,0.7525602058094308,2.1224269163796396,0.21901032601799791,3.436185952928935,5.899658901832882e-4,601,0.9999897167773916,Yes,No,Island,chr20,MAFB,TSS1500
cg13350744,0.5351711270669873,1.7077404578662283,0.17963701710438112,2.9791806593850145,0.0028902031794804505,601,0.9999897167773916,No,No,OpenSea,chr11,NAT10;NAT10;NAT10;NAT10,ExonBnd;ExonBnd;Body;Body
cg13423805,0.2191218635406051,1.2449829854780616,0.0734217497363304,2.984427153091663,0.002841098433129344,601,0.9999897167773916,Yes,No,OpenSea,chr11,GDPD5,5'UTR
cg13470658,0.7413729505263004,2.098815106578481,0.24520401325386146,3.023494357568902,0.0024987368842613786,601,0.9999897167773916,Yes,No,Island,chr3,SELT,TSS200
cg13587253,0.49394757979179005,1.6387726537384275,0.16759805590141438,2.947215450293428,0.003206497088805711,601,0.9999897167773916,No,No,OpenSea,chr10,CNNM1,Body
cg13625026,-0.37875091066363237,0.6847161469169005,0.12325780399757562,-3.072835134001593,0.0021203559620738823,601,0.9999897167773916,Yes,No,OpenSea,chr11,,
cg13660469,0.13073755575869755,1.1396686425878493,0.038226111714642415,3.4201112771984827,6.25955249472881e-4,601,0.9999897167773916,No,No,OpenSea,chr6,,
cg13679841,0.5339078112513678,1.7055844045117328,0.18375823059048815,2.9054905978127348,0.0036667786533045267,601,0.9999897167773916,No,No,OpenSea,chr14,CEP128,Body
cg13682187,0.23308616174227254,1.26249025300093,0.07673632206665455,3.0374945718640216,0.002385537010803495,601,0.9999897167773916,No,No,OpenSea,chr1,CFHR5,TSS200
cg13717817,-0.325979890085474,0.7218197030182926,0.10419826572520696,-3.1284579240997394,0.0017572616868812116,601,0.9999897167773916,No,No,OpenSea,chr3,IL17RD,Body
cg13791092,-0.5118458396571444,0.599388182611286,0.12913855689553919,-3.963540029885722,7.38464741340408e-5,601,0.9999897167773916,No,No,N_Shore,chr20,PSMF1;PSMF1,5'UTR;TSS1500
cg13794588,1.6096480142521323,5.001050619454824,0.4940602315627519,3.2579995543472244,0.0011220058254516148,601,0.9999897167773916,No,No,OpenSea,chr9,FCN2;FCN2,TSS200;TSS200
cg13801946,0.6750359263636415,1.9641035378002532,0.1959035052725742,3.4457572641409198,5.694616294022839e-4,601,0.9999897167773916,Yes,No,Island,chr17,MAP3K3;MAP3K3,TSS1500;TSS1500
cg13809864,1.3476996414266185,3.848562267056946,0.3483777769853006,3.868500606120703,1.09506664260173e-4,601,0.9999897167773916,Yes,No,OpenSea,chr14,IRF9;IRF9,1stExon;5'UTR
cg14023023,0.7249676594679029,2.064664326543826,0.24656400140934642,2.9402818551127785,0.00327913810183301,601,0.9999897167773916,Yes,No,Island,chr1,FAM176B,5'UTR
cg14080542,0.746021934691043,2.1085951808641625,0.25809307299815015,2.8905151386856094,0.003846110063728628,601,0.9999897167773916,Yes,No,S_Shore,chr9,C9orf93,5'UTR
cg14204281,0.861796140610848,2.3674090768022746,0.26051123836868406,3.3080958272948124,9.393266206573587e-4,601,0.9999897167773916,Yes,No,Island,chr9,RXRA,TSS1500
cg14287724,-0.32613101682270984,0.7217106250042127,0.10427639262478491,-3.1275632826714554,0.0017626187011049975,601,0.9999897167773916,Yes,No,N_Shelf,chr1,,
cg14432130,0.4933908429581746,1.637860542566672,0.14799545113893772,3.333824378797836,8.566072471762311e-4,601,0.9999897167773916,Yes,Yes,OpenSea,chr2,,
cg14447074,-0.3567999244847396,0.6999125190846152,0.12106848255462828,-2.947091736478526,0.0032077802445315546,601,0.9999897167773916,No,No,OpenSea,chr15,HCN4,Body
cg14458563,-0.20800308122544647,0.8122045341228052,0.06795893559232295,-3.060717172988562,0.002208075626485945,601,0.9999897167773916,No,No,OpenSea,chr10,CCDC3,5'UTR
cg14468200,-0.7329887197362106,0.48047084935077755,0.20189128117912353,-3.630611066784418,2.8275099625113407e-4,601,0.9999897167773916,Yes,No,OpenSea,chr3,ROBO1,Body
cg14478752,-0.5471884590430578,0.5785742108666786,0.1806637950132318,-3.0287665495069547,0.002455543522664563,601,0.9999897167773916,Yes,No,N_Shelf,chr5,,
cg14489884,0.7808018192890225,2.183222113476326,0.26339753150771505,2.9643475199620553,0.003033255243033965,601,0.9999897167773916,Yes,No,Island,chr4,MRFAP1L1;MRFAP1L1,1stExon;5'UTR
cg14514581,-0.2968995872145074,0.7431186272270452,0.10535277706438655,-2.8181467587993114,0.004830172668039243,601,0.9999897167773916,No,No,OpenSea,chr9,,
cg14534871,0.4181558442994353,1.5191574079769499,0.14865261692953674,2.8129733127917054,0.004908572477714271,601,0.9999897167773916,Yes,No,OpenSea,chr6,,
cg14545570,-0.3857215934850277,0.6799598045703721,0.13196892901659193,-2.922821275881783,0.003468755590123432,601,0.9999897167773916,Yes,No,S_Shore,chr9,COL27A1,Body
cg14571976,-0.497522206370689,0.6080353809417408,0.16598223762958256,-2.9974424581562396,0.002722552503200309,601,0.9999897167773916,No,No,OpenSea,chr17,UBE2O,Body
cg14601053,-0.6236312472292794,0.5359945707130793,0.20472266910650147,-3.0462246802031094,0.00231734598827717,601,0.9999897167773916,Yes,No,S_Shore,chr9,FAM129B;FAM129B,Body;Body
cg14620768,-0.3174885584659409,0.7279750098775324,0.10282829735053572,-3.087560201290125,0.0020180689128547497,601,0.9999897167773916,No,No,OpenSea,chr11,,
cg14645628,-0.7253797241286523,0.4841406941434918,0.2400335167859425,-3.021993485916105,0.0025111595206432223,601,0.9999897167773916,Yes,No,OpenSea,chr1,PLXNA2,Body
cg14648368,1.0165500744276317,2.763643932732212,0.26924018445492137,3.7756253825395505,1.5960671431279922e-4,601,0.9999897167773916,Yes,No,Island,chr7,ZC3HAV1;ZC3HAV1,TSS200;TSS200
cg14656657,-0.4545581339426975,0.6347283709161037,0.11898452015620857,-3.820313208356279,1.3328231274531015e-4,601,0.9999897167773916,No,No,S_Shelf,chr1,,
cg14675963,0.5096233592940368,1.6646640965973831,0.1681685423616649,3.030432161313713,0.002442040396153869,601,0.9999897167773916,No,No,OpenSea,chr2,HDLBP;HDLBP,3'UTR;3'UTR
cg14748181,-0.7278966667960185,0.4829236720033558,0.21026899451864922,-3.461740369579119,5.366946247055486e-4,601,0.9999897167773916,Yes,No,OpenSea,chr10,,
cg14770527,-0.21033638627694282,0.8103116224095197,0.06512201843646785,-3.229881249490817,0.001238416441529022,601,0.9999897167773916,Yes,No,OpenSea,chr17,,
cg14822754,-0.25935511317590004,0.7715489871785106,0.08254307839016138,-3.142057677446805,0.001677649841858257,601,0.9999897167773916,Yes,No,OpenSea,chr10,,
cg14891553,0.38494526015705843,1.4695338771857769,0.1171029579253488,3.287237717790653,0.001011753874609877,601,0.9999897167773916,No,No,OpenSea,chr19,ACTN4,Body
cg14924046,-0.20010708486589898,0.8186430840991753,0.06965491101371651,-2.872835266798255,0.004068061782548297,601,0.9999897167773916,No,No,N_Shore,chr4,,
cg15089433,-0.6225916068901435,0.5365521020561704,0.17836124780590135,-3.490621502982915,4.818984325066129e-4,601,0.9999897167773916,Yes,No,OpenSea,chr9,,
cg15201218,-0.3168881622131178,0.7284122145805109,0.08308629725102266,-3.81396418780977,1.3675529392686499e-4,601,0.9999897167773916,No,No,OpenSea,chr12,ANKS1B;ANKS1B;ANKS1B;ANKS1B;ANKS1B;ANKS1B;ANKS1B;ANKS1B;ANKS1B;ANKS1B;ANKS1B;ANKS1B;ANKS1B,1stExon;1stExon;1stExon;1stExon;1stExon;5'UTR;5'UTR;5'UTR;5'UTR;5'UTR;5'UTR;Body;Body
cg15246131,0.14066615243839378,1.1510403118320545,0.044882074877263846,3.1341276628378827,0.0017236584808720252,601,0.9999897167773916,Yes,No,OpenSea,chr10,STK32C,Body
cg15268887,0.6270581660106864,1.8720950774666703,0.18874527282142672,3.322245673426485,8.929603408951228e-4,601,0.9999897167773916,No,No,OpenSea,chr18,,
cg15283950,0.8940368035552698,2.4449796592211337,0.24376196090865934,3.6676633229508546,2.447771976689634e-4,601,0.9999897167773916,Yes,No,OpenSea,chr11,MRVI1;MRVI1;MRVI1;MRVI1;MRVI1,1stExon;5'UTR;1stExon;5'UTR;TSS200
cg15353597,-0.719281521814414,0.4871021025011682,0.2503424266509347,-2.8731906590381704,0.004063488052735303,601,0.9999897167773916,Yes,No,N_Shore,chr2,MAP4K4;MAP4K4;MAP4K4,TSS1500;TSS1500;TSS1500
cg15382696,0.6551249397417884,1.925383059211694,0.218505087792772,2.9982136633958025,0.002715672102843771,601,0.9999897167773916,Yes,No,Island,chr6,C6orf204;C6orf204,Body;Body
cg15426626,-0.5700050878510206,0.5655225613976763,0.1727888098452731,-3.298854181364187,9.708032596529379e-4,601,0.9999897167773916,Yes,No,Island,chr12,,
cg15463966,-0.6686993161005538,0.5123745819314177,0.2125941339944988,-3.1454269388159948,0.0016584461255100102,601,0.9999897167773916,No,No,OpenSea,chr3,AGTR1;AGTR1;AGTR1;AGTR1;AGTR1,5'UTR;5'UTR;5'UTR;TSS1500;5'UTR
cg15514521,-0.5552709082526018,0.5739167613473354,0.18073062352877853,-3.0723675789464844,0.002123680352354598,601,0.9999897167773916,Yes,Yes,OpenSea,chr11,,
cg15552166,-0.6985137063587511,0.49732392413816273,0.2246749702070843,-3.1089965460546263,0.0018772391283775763,601,0.9999897167773916,No,No,OpenSea,chr2,,
cg15697822,0.3872263862289157,1.4728898955217014,0.1344518121269046,2.880038432382195,0.003976266971577437,601,0.9999897167773916,Yes,No,S_Shore,chr1,NTNG1;NTNG1;NTNG1,5'UTR;5'UTR;5'UTR
cg15721728,-0.5790837628861979,0.5604116013152648,0.19541613033944813,-2.9633365571219676,0.003043236286363377,601,0.9999897167773916,Yes,No,S_Shore,chr11,ILK;ILK;RRP8;ILK,5'UTR;5'UTR;TSS1500;TSS200
cg15729129,0.5606916511309816,1.7518837737519497,0.1789381289100385,3.1334386614317986,0.001727710250293747,601,0.9999897167773916,Yes,No,S_Shore,chr21,,
cg15782344,0.44862750106594523,1.5661611551683978,0.1573091208938876,2.851884865395476,0.004346083908900512,601,0.9999897167773916,Yes,No,OpenSea,chr2,ARHGAP25;ARHGAP25;ARHGAP25;ARHGAP25,Body;Body;Body;Body
cg15957467,0.3765708887344423,1.4572788404154549,0.12535549891723627,3.0040236925152084,0.0026643457607705757,601,0.9999897167773916,Yes,No,OpenSea,chr5,,
cg16039660,-0.5096694297446975,0.6006941176027633,0.17098426074130327,-2.980797340848934,0.0028749898325012195,601,0.9999897167773916,Yes,No,OpenSea,chr4,,
cg16084510,-0.6271962311345145,0.53408716065839,0.20746614313766187,-3.0231257093276436,0.0025017829469288007,601,0.9999897167773916,Yes,Yes,OpenSea,chr2,,
cg16113883,0.461555908890215,1.586540578190029,0.1555035943142129,2.9681365946923917,0.0029961115318531727,601,0.9999897167773916,Yes,No,S_Shore,chr6,TNFAIP3;TNFAIP3;TNFAIP3;LOC100130476,5'UTR;5'UTR;5'UTR;TSS1500
cg16130980,0.6206384692867916,1.8601152892775958,0.1754150950483395,3.5381132343015347,4.0299719511811035e-4,601,0.9999897167773916,No,No,OpenSea,chr9,,
cg16152636,0.5313663580776536,1.7012552451219485,0.16986408634193723,3.128185418829561,0.0017588918309366496,601,0.9999897167773916,No,No,OpenSea,chr1,,
cg16218980,0.5768884545423473,1.7804897279808745,0.19170156934969795,3.0093048090284515,0.0026184627071226176,601,0.9999897167773916,Yes,No,Island,chr15,RGMA;RGMA,Body;TSS1500
cg16317718,0.7253343007004256,2.065421456406287,0.22391978187882525,3.2392595893691163,0.001198404479260631,601,0.9999897167773916,Yes,No,Island,chr5,RGMB,5'UTR
cg16333262,-0.2161571742247883,0.8056086710038382,0.07566901028068097,-2.8566142655096325,0.004281858515738631,601,0.9999897167773916,No,No,N_Shore,chr14,C14orf118;C14orf118,TSS1500;TSS1500
cg16338365,-0.22811610456973191,0.7960318315365902,0.07743021021160248,-2.9460865978063686,0.003218222868658362,601,0.9999897167773916,Yes,No,OpenSea,chr6,,
cg16347811,0.5759688065131089,1.7788530568075187,0.19539402769653105,2.9477298426319014,0.0032011668421711966,601,0.9999897167773916,Yes,No,OpenSea,chr7,CHN2,Body
cg16369987,-0.5304422529715338,0.5883447149349141,0.18847537620976015,-2.8143849007691486,0.004887067493365453,601,0.9999897167773916,Yes,No,N_Shelf,chr7,,
cg16538343,-0.6288492543631278,0.533205031466607,0.22137891097446583,-2.840601444803657,0.004502854885239757,601,0.9999897167773916,No,No,Island,chr11,MRGPRF;MRGPRF,Body;Body
cg16861537,-0.6484283508753249,0.5228668946346776,0.21746451001914704,-2.981766315884063,0.0028659066272288237,601,0.9999897167773916,Yes,No,N_Shore,chr16,LPCAT2,TSS1500
cg16895672,0.3188764056957136,1.3755813003854143,0.10128005585359191,3.1484619850197744,0.0016413206993624774,601,0.9999897167773916,Yes,No,OpenSea,chr10,PARD3,Body
cg16902977,-1.1203254015258657,0.3261736399523926,0.2856942757657385,-3.921413540831675,8.803103484390127e-5,601,0.9999897167773916,Yes,No,OpenSea,chr11,TMPRSS4;TMPRSS4;TMPRSS4;TMPRSS4;TMPRSS4;TMPRSS4;TMPRSS4,Body;Body;Body;Body;Body;Body;Body
cg16931240,-0.6586360666866629,0.5175567662164097,0.23427112140809242,-2.811426618560215,0.004932233999868496,601,0.9999897167773916,Yes,Yes,S_Shore,chr2,KLHL30,Body
cg16971991,-0.7466180024928248,0.473966799735241,0.18798571838819808,-3.971674065957652,7.13693234925163e-5,601,0.9999897167773916,Yes,No,OpenSea,chr11,,
cg17055859,0.43052154323723624,1.5380594789226014,0.15170539989429377,2.8378788331675584,0.0045414418841462694,601,0.9999897167773916,Yes,No,N_Shore,chr17,SHISA6;SHISA6;SHISA6,Body;Body;Body
cg17074641,-0.36926818189824895,0.6912400075332007,0.11777378844756121,-3.135402085351662,0.001716187081892154,601,0.9999897167773916,Yes,No,OpenSea,chr1,,
cg17080168,-0.49092179718660295,0.6120619370952652,0.1675666586666125,-2.9297104871162456,0.003392779440017573,601,0.9999897167773916,Yes,Yes,OpenSea,chr12,PXN;PXN;PXN,Body;Body;Body
cg17286211,-0.48296896423438934,0.6169489705600661,0.17177400911537763,-2.811653327075736,0.004928759344593946,601,0.9999897167773916,Yes,No,OpenSea,chr19,ATP4A,Body
cg17372223,-0.2839963481994564,0.7527693936648578,0.10056589844103556,-2.8239826084382966,0.004743095850267946,601,0.9999897167773916,Yes,No,Island,chr3,NT5DC2;NT5DC2,Body;TSS1500
cg17503085,-0.4540889962533517,0.6350262157770598,0.12682862968083414,-3.580335113578633,3.431538294124457e-4,601,0.9999897167773916,No,No,N_Shore,chr20,KCNQ2;KCNQ2;KCNQ2;KCNQ2;KCNQ2,Body;Body;Body;Body;Body
cg17610933,-0.3012362889387607,0.73990292121374,0.10047760244891277,-2.998044157073936,0.0027171830102460407,601,0.9999897167773916,No,No,OpenSea,chr22,CACNA1I;CACNA1I,Body;Body
cg17930272,-0.6906369370564661,0.5012566984013334,0.2401358511268541,-2.876025940381682,0.004027166144480163,601,0.9999897167773916,Yes,No,OpenSea,chr13,THSD1;THSD1,Body;Body
cg18025558,-0.5081989212936473,0.6015780931666709,0.1469272595633872,-3.4588470703382352,5.424928326607223e-4,601,0.9999897167773916,No,No,S_Shore,chr7,TRIM50,Body
cg18054725,0.7620754509827609,2.142718716476717,0.26433581635886627,2.8829821909118656,0.003939297114703008,601,0.9999897167773916,Yes,No,OpenSea,chr19,ICAM3,TSS200
cg18124977,1.19790271674627,3.3131609939402495,0.39930324648409027,2.9999824125997905,0.002699951956756166,601,0.9999897167773916,Yes,No,S_Shelf,chr11,,
cg18212055,0.6742172534247503,1.9624962374011174,0.22852231858748095,2.9503343813074965,0.003174301784503634,601,0.9999897167773916,Yes,No,Island,chr10,RTKN2,TSS1500
cg18237323,0.43313782155841307,1.5420887391287235,0.1262442243559512,3.430951584265445,6.014679396860687e-4,601,0.9999897167773916,Yes,No,Island,chr8,PHYHIP;PHYHIP;PHYHIP;PHYHIP,1stExon;5'UTR;5'UTR;1stExon
cg18272906,0.3204118719691744,1.3776950814830542,0.11338593697502351,2.825851957635225,0.004715505213657284,601,0.9999897167773916,Yes,No,OpenSea,chr6,,
cg18291279,0.992472707928471,2.697897343438609,0.3092324759473374,3.2094711426670792,0.0013297939433361736,601,0.9999897167773916,Yes,No,N_Shore,chr17,ATXN7L3;ATXN7L3,TSS1500;TSS1500
cg18295982,-0.5045585522444407,0.603772050421847,0.17108093613623968,-2.9492389020050562,0.0031855761959302745,601,0.9999897167773916,No,No,OpenSea,chr1,,
cg18412092,0.2905286874775916,1.337134227308743,0.0903908895049173,3.2141368346838393,0.0013083730641207,601,0.9999897167773916,No,No,S_Shelf,chr9,,
cg18421366,-0.6443508412258042,0.5250032419714821,0.18228178414699697,-3.5349162520056434,4.0790441661359833e-4,601,0.9999897167773916,Yes,No,OpenSea,chr14,,
cg18458509,-0.8302994229361812,0.4359187427087567,0.26352067630966397,-3.15079421684731,0.001628271679352905,601,0.9999897167773916,Yes,Yes,N_Shelf,chr11,SLC22A18AS;SLC22A18,Body;TSS1500
cg18477820,1.0468233623073828,2.8485877988713724,0.3288459215226209,3.1833247542204144,0.0014559421671708293,601,0.9999897167773916,Yes,No,OpenSea,chr5,H2AFY;H2AFY;H2AFY;H2AFY,Body;Body;Body;Body
cg18594983,0.24165487110518824,1.2733546454888152,0.08246737179645487,2.930308870538985,0.003386252344034146,601,0.9999897167773916,Yes,Yes,OpenSea,chr2,ARHGAP15,Body
cg18728950,-0.2407377717694913,0.7860477232685226,0.08437384597994597,-2.853227430532324,0.004327763636301305,601,0.9999897167773916,Yes,No,OpenSea,chr15,,
cg18752716,-0.5739770941268195,0.5632807574118293,0.20100171453262483,-2.855583075305841,0.004295788283400573,601,0.9999897167773916,No,No,N_Shore,chr21,,
cg18776764,0.7175397957756248,2.049385097621043,0.22704193562393776,3.160384418868442,0.0015756110430887825,601,0.9999897167773916,Yes,No,S_Shore,chr3,BCL6,TSS200
cg18817801,-0.5320536372923987,0.5873974289119004,0.18131524391304177,-2.934412053889799,0.0033418024127443266,601,0.9999897167773916,Yes,No,OpenSea,chr3,HHATL;HHATL,5'UTR;TSS1500
cg18832639,-0.5218853517468683,0.5934007235796711,0.17967624876065771,-2.9045873082649836,0.003677376240941915,601,0.9999897167773916,Yes,No,OpenSea,chr17,PIPOX,Body
cg18871648,-0.504991804203951,0.6035105216559203,0.15911379035322412,-3.1737777290258506,0.0015046887016665865,601,0.9999897167773916,Yes,No,S_Shore,chr14,ELMSAN1;ELMSAN1,TSS1500;5'UTR
cg18878338,0.6622750900617587,1.9391991722893083,0.2094008314216888,3.162714711137308,0.0015630542496039865,601,0.9999897167773916,Yes,No,Island,chr1,EFNA3,Body
cg18941817,-0.7980802017432801,0.4501924136384745,0.26475475589217434,-3.0144130897815153,0.002574769683951916,601,0.9999897167773916,Yes,No,S_Shore,chr14,CDKL1,TSS1500
cg18959988,-0.5139247062066306,0.5981434288550574,0.18153776252103873,-2.830952078893618,0.0046409673793211875,601,0.9999897167773916,Yes,No,OpenSea,chr12,MIR141;MIR200C,TSS1500;Body
cg19011770,0.5896979421398856,1.8034435888061504,0.19219302549205744,3.0682588019524952,0.002153100617455465,601,0.9999897167773916,Yes,No,OpenSea,chr15,PLIN1;PLIN1,Body;Body
cg19220825,-0.6942735511823628,0.499437131747433,0.2266789440678072,-3.0628056524503773,0.002192724171681911,601,0.9999897167773916,Yes,No,N_Shore,chr12,AQP5,TSS1500
cg19280968,-0.6729893797111033,0.5101811706834709,0.1902210581241749,-3.5379331097600186,4.032722053951288e-4,601,0.9999897167773916,Yes,No,S_Shore,chr3,PPP1R2,TSS1500
cg19471553,0.7479356625670762,2.112634321916735,0.24433819326970055,3.0610673368674077,0.0022054948785304607,601,0.9999897167773916,Yes,No,S_Shore,chr17,,
cg19508671,-0.18907913090880413,0.8277210057877704,0.06355562047576296,-2.9750182516259085,0.002929711160942539,601,0.9999897167773916,Yes,No,OpenSea,chr15,,
cg19567594,0.6623397523926464,1.9393245694820378,0.19499891866031072,3.3966329502905923,6.822040806669159e-4,601,0.9999897167773916,Yes,No,OpenSea,chr11,MRVI1;MRVI1;MRVI1;MRVI1;MRVI1,1stExon;5'UTR;1stExon;5'UTR;TSS200
cg19639635,-0.4487368386744928,0.6384340877494692,0.1577965870656626,-2.8437677076486048,0.004458353857711248,601,0.9999897167773916,No,No,OpenSea,chr1,,
cg19656551,-0.5678236902904049,0.5667575374307163,0.20051517621674192,-2.8318240095534213,0.004628331508708413,601,0.9999897167773916,No,No,OpenSea,chr5,LOC101929380,TSS1500
cg19707359,0.2603946569535005,1.297442030157063,0.08652031229012,3.0096361196703136,0.0026156084577932132,601,0.9999897167773916,No,No,S_Shore,chr10,FAM188A,TSS1500
cg19764594,-0.39335510881289,0.6747890814852021,0.12302552754592612,-3.1973454343940797,0.0013869872104959305,601,0.9999897167773916,Yes,No,OpenSea,chr3,LOC285370,TSS1500
cg19800916,-0.5017724838846951,0.6054565460984668,0.14703618506770313,-3.4125782279624084,6.435145425319114e-4,601,0.9999897167773916,Yes,No,OpenSea,chr10,GRK5,Body
cg19822428,0.6716545764558165,1.957473432154434,0.21627187994187705,3.1056028950056906,0.0018989154100128075,601,0.9999897167773916,Yes,No,Island,chr6,BPHL;BPHL;BPHL;BPHL,TSS1500;TSS1500;TSS1500;TSS1500
cg19913367,0.6480945663487238,1.9118943682057254,0.22455561462604717,2.886120515971051,0.003900227778764779,601,0.9999897167773916,Yes,No,Island,chr17,EIF4A1,TSS200
cg20005760,0.476830400023174,1.6109602020710398,0.164197188079355,2.9040107543907894,0.0036841550477838994,601,0.9999897167773916,No,No,S_Shore,chr15,EIF3J,Body
cg20022869,-0.6561222168519203,0.5188594629135449,0.21551297547528092,-3.044467347754552,0.0023309273151285444,601,0.9999897167773916,Yes,No,N_Shore,chr20,NPEPL1,TSS1500
cg20028519,0.8787068790041901,2.407784136226808,0.26753142279890413,3.2844997040392125,0.0010216360546884543,601,0.9999897167773916,Yes,No,Island,chr2,RRM2;RRM2,TSS1500;TSS1500
cg20096945,-0.7314840996865603,0.4811943195613878,0.2471944402639161,-2.9591446268192536,0.0030849428289655254,601,0.9999897167773916,Yes,No,OpenSea,chr2,,
cg20198384,-0.6285660304181414,0.5333560692868595,0.21260076823526658,-2.9565557812216494,0.0031109595445015206,601,0.9999897167773916,Yes,No,N_Shore,chr20,NPEPL1;STX16-NPEPL1;NPEPL1;NPEPL1,TSS1500;Body;Body;Body
cg20237154,-0.8043621881148298,0.4473731755105477,0.24607007104281933,-3.268833892338173,0.0010799167885073328,601,0.9999897167773916,Yes,No,OpenSea,chr12,RBMS2,Body
cg20275072,0.6104977992112521,1.841347792151339,0.21705429709110563,2.8126501405084086,0.004913507905427547,601,0.9999897167773916,Yes,Yes,Island,chr1,,
cg20369573,-0.8357886801817768,0.4335324281311664,0.23706600795163074,-3.5255525977908446,4.226002480215736e-4,601,0.9999897167773916,No,No,N_Shelf,chr17,,
cg20377627,0.378985402471904,1.4608017114937653,0.12136226340900072,3.1227614896625013,0.0017916287351100227,601,0.9999897167773916,Yes,No,Island,chr16,SCNN1G,5'UTR
cg20446404,-0.750716975820049,0.4720279987265235,0.23910975426500758,-3.1396334211778845,0.001691593649303028,601,0.9999897167773916,No,No,S_Shore,chr19,NANOS2;NANOS2,1stExon;5'UTR
cg20459111,0.5430843098849246,1.7213077296692365,0.17648291128036367,3.077262868936766,0.002089109823435936,601,0.9999897167773916,Yes,No,Island,chr12,NELL2;NELL2;NELL2;NELL2;NELL2,Body;Body;TSS1500;TSS200;TSS200
cg20466147,-0.32952703381942783,0.7192638404674728,0.1142736447140906,-2.8836660862957078,0.003930753068378492,601,0.9999897167773916,No,No,OpenSea,chr2,DYSF;DYSF;DYSF;DYSF;DYSF;DYSF;DYSF;DYSF;DYSF;DYSF;DYSF;DYSF;DYSF;DYSF,Body;Body;Body;Body;Body;Body;Body;Body;Body;Body;Body;Body;Body;Body
cg20498763,0.2669342322600415,1.3059545538267137,0.08525479470605181,3.1310172428471423,0.0017420193212276012,601,0.9999897167773916,Yes,Yes,OpenSea,chr6,LAMA2;LAMA2,Body;Body
cg20507228,0.3526627566034106,1.4228512153351585,0.11824929321429077,2.982366718795663,0.002860291583600239,601,0.9999897167773916,No,No,OpenSea,chr15,MAN2A2,Body
cg20540862,0.3605745747734072,1.4341532061261917,0.11609548282259818,3.105844999364788,0.001897361433839168,601,0.9999897167773916,No,No,OpenSea,chr1,LOC101927787,Body
cg20593100,0.7828328038285768,2.1876607096696024,0.25959761806009635,3.0155623525303397,0.0025650319392472114,601,0.9999897167773916,Yes,No,N_Shore,chr9,PKN3,TSS200
cg20611399,-0.4553584257737823,0.6342206061929824,0.11650980938253074,-3.9083269313292512,9.293748747233953e-5,601,0.9999897167773916,No,No,N_Shore,chr20,PSMF1;PSMF1,TSS1500;5'UTR
cg20660424,0.6629606599597891,1.940529084689981,0.20591159498260408,3.2196373400720715,0.0012835286132748221,601,0.9999897167773916,Yes,No,N_Shelf,chr22,TTLL12,Body
cg20661196,-0.3922403736138513,0.6755417120402094,0.1367895834145799,-2.867472535719733,0.004137647147092081,601,0.9999897167773916,No,No,OpenSea,chr2,LOC101929680,Body
cg20715809,-0.7030938545631861,0.4950513152755513,0.24782027729543007,-2.8371118870350465,0.004552365591657463,601,0.9999897167773916,Yes,No,OpenSea,chr15,,
cg20856960,-0.8051339955273091,0.4470280227903918,0.22560002238902657,-3.5688560089720616,3.5854340342859697e-4,601,0.9999897167773916,Yes,No,OpenSea,chr11,NAV2,Body
cg20879720,-0.573169366024509,0.5637359189077007,0.1978054586480497,-2.897641803931887,0.003759797268344311,601,0.9999897167773916,Yes,Yes,OpenSea,chr5,LHFPL2,5'UTR
cg20919820,0.47244533709751585,1.603911505996955,0.16408310786408203,2.87930514754063,0.00398552497326734,601,0.9999897167773916,Yes,No,OpenSea,chr22,TBC1D22A;TBC1D22A;TBC1D22A;TBC1D22A;TBC1D22A,Body;Body;Body;Body;Body
cg20934713,-0.6296213919416757,0.5327934827313098,0.20013111832209893,-3.1460444393676856,0.0016549485772083439,601,0.9999897167773916,No,No,OpenSea,chr1,TMCO4,Body
cg21011721,0.19528018117101784,1.2156515414513924,0.0543266630993947,3.594555049584734,3.249464359335994e-4,601,0.9999897167773916,No,No,OpenSea,chr14,,
cg21078167,-0.6817690586097159,0.5057215494924081,0.2295384494192611,-2.9701736695294896,0.0029763143607501982,601,0.9999897167773916,Yes,No,OpenSea,chr13,,
cg21152549,-0.39233781515792504,0.675475889419683,0.12432164374994441,-3.1558287304104318,0.0016004280648889704,601,0.9999897167773916,Yes,No,OpenSea,chr21,,
cg21186149,0.6817192265083252,1.9772741939588219,0.2083339047917124,3.272243311475839,0.0010669771004059973,601,0.9999897167773916,Yes,No,OpenSea,chr18,,
cg21264131,0.3045505158421274,1.3560153585822183,0.10699953772507752,2.846278800050832,0.004423344863315722,601,0.9999897167773916,Yes,No,Island,chr17,GRIN2C,TSS1500
cg21276197,0.6423690842915625,1.9009791286273747,0.2165717621529867,2.966079593690482,0.003016224186041601,601,0.9999897167773916,Yes,No,Island,chr6,SLC16A10,Body
cg21382698,-0.4822987743339151,0.617362582112905,0.16495241594659343,-2.9238660832349903,0.0034571344292140538,601,0.9999897167773916,Yes,No,OpenSea,chr12,ZNF664-FAM101A,5'UTR
cg21436123,-0.7234756428957694,0.48506341554275595,0.23014885377704086,-3.1435118229901944,0.0016693367202088457,601,0.9999897167773916,Yes,No,OpenSea,chr2,LOC101927865,Body
cg21448821,-0.5412782677394733,0.5820038199760698,0.1869835155656936,-2.8947913729288293,0.0037941060510148982,601,0.9999897167773916,No,No,S_Shore,chr17,UTS2R,TSS200
cg21503308,-0.741519168536547,0.47638964935270645,0.22479647674708708,-3.2986245125665903,9.71597798253175e-4,601,0.9999897167773916,Yes,No,OpenSea,chr22,SYN3,5'UTR
cg21600850,0.585266474197388,1.795469368157585,0.19745708233004738,2.964018647956731,0.003036498852162255,601,0.9999897167773916,Yes,No,Island,chr6,LOC441177;C6orf176;C6orf176,Body;TSS200;TSS200
cg21674153,-0.5567836041557993,0.5730492561148968,0.17427616710578522,-3.194835033397498,0.0013991078828572414,601,0.9999897167773916,No,No,N_Shore,chr18,B4GALT6,Body
cg21968935,-0.8848976966722217,0.4127563974721983,0.2669958360538375,-3.314275270172339,9.188100470410923e-4,601,0.9999897167773916,Yes,No,S_Shore,chr18,CIDEA;CIDEA,Body;Body
cg21982950,0.6513408155388842,1.9181109385591704,0.1841806395409045,3.5364238997238826,4.055833328720327e-4,601,0.9999897167773916,Yes,No,Island,chr5,,
cg22080282,0.7307083208650449,2.0765509512412272,0.2571240709727925,2.841851088077882,0.004485243612951783,601,0.9999897167773916,Yes,No,Island,chr18,ZADH2,1stExon
cg22096916,-0.6269730035909854,0.5342063969312092,0.19772824997713176,-3.170882277385745,0.00151976719390853,601,0.9999897167773916,Yes,No,S_Shore,chr20,BCAS4;BCAS4;BCAS4,Body;Body;Body
cg22322129,-0.522817296491605,0.5928479645042727,0.16507437183637583,-3.167162114115626,0.0015393447900680297,601,0.9999897167773916,No,No,OpenSea,chr19,ELAVL3;ELAVL3,Body;Body
cg22340807,0.49391118692485153,1.638713015188513,0.16710440430988932,2.955704183648627,0.003119561337999432,601,0.9999897167773916,No,No,OpenSea,chr1,,
cg22358621,0.41871050120278847,1.5200002528438183,0.1471522016898077,2.845424644650695,0.004435225215931541,601,0.9999897167773916,Yes,No,OpenSea,chr1,,
cg22376940,0.6463126995994944,1.90849066058028,0.21878750710253309,2.9540658338257173,0.0031361709508197686,601,0.9999897167773916,Yes,No,OpenSea,chr11,MPZL3,TSS200
cg22509539,0.7710481613578367,2.1620312241339246,0.2656295862625126,2.902719430492341,0.0036993789694188543,601,0.9999897167773916,Yes,Yes,OpenSea,chr6,,
cg22514253,0.675972182624814,1.965943303146631,0.20716578721165502,3.2629527863797008,0.0011025788683648216,601,0.9999897167773916,Yes,No,Island,chr22,MICAL3;MICAL3;MICAL3,5'UTR;5'UTR;5'UTR
cg22595420,0.3348939373607617,1.3977921238383484,0.10494704379987788,3.1910754723055037,0.0014174424819918903,601,0.9999897167773916,No,No,OpenSea,chr10,RPEL1,TSS1500
cg22760373,0.8098820698353799,2.247642906148354,0.2669634029626114,3.0336819985352266,0.002415889397653643,601,0.9999897167773916,Yes,No,S_Shore,chr19,GMIP;GMIP;GMIP,TSS1500;TSS1500;TSS1500
cg22789298,-0.6188842338643792,0.538544992758241,0.2074070506170691,-2.983911260601314,0.002845892956006833,601,0.9999897167773916,Yes,No,Island,chr6,,
cg22824552,0.8277447945431489,2.2881526627994195,0.2477614700544915,3.340893942714735,8.350911631163301e-4,601,0.9999897167773916,Yes,No,Island,chr11,STIM1;STIM1;STIM1;STIM1;STIM1;STIM1;MIR4687,5'UTR;5'UTR;5'UTR;1stExon;1stExon;1stExon;Body
cg22936981,0.2801499026512298,1.3233281678708662,0.09950251782616824,2.8155056653003907,0.0048700538276781015,601,0.9999897167773916,Yes,No,OpenSea,chr1,PGM1;PGM1;PGM1,Body;Body;Body
cg22943782,0.8567135938710582,2.355407135567321,0.295428237020026,2.8999042289007217,0.0037327669202596573,601,0.9999897167773916,Yes,No,Island,chr6,TUBB2A,TSS200
cg23122109,0.7814219235390273,2.1845763586307894,0.2504984770332618,3.11946776201465,0.0018117808566642372,601,0.9999897167773916,Yes,No,Island,chr2,SLC19A3;SLC19A3,5'UTR;1stExon
cg23144722,-0.46536233135445415,0.6279075533732656,0.1478491848478357,-3.147547494654086,0.0016464635574316893,601,0.9999897167773916,Yes,Yes,OpenSea,chr18,,
cg23146472,0.7724044099350772,2.164965465235993,0.23915624780029326,3.2297061734304817,0.001239174985478003,601,0.9999897167773916,Yes,No,Island,chr6,TTBK1,Body
cg23148838,-0.6286000328488707,0.53333793419238,0.21815655131383196,-2.8814171706656193,0.003958912729706212,601,0.9999897167773916,No,No,OpenSea,chr5,MARCH6,Body
cg23173267,0.4712105746400709,1.6019322784736734,0.16287550513893306,2.8930720689899165,0.0038149375028925883,601,0.9999897167773916,No,Yes,OpenSea,chr2,,
cg23200218,0.4629356695258202,1.5887311353013212,0.1642842419920181,2.8178945461385903,0.0048339683385968946,601,0.9999897167773916,Yes,No,N_Shore,chr19,RYR1;RYR1,Body;Body
cg23200774,0.45173491455180176,1.5710354347418558,0.15787307268392092,2.8613803916784732,0.004218006273130475,601,0.9999897167773916,No,No,Island,chr7,ACHE;ACHE,5'UTR;5'UTR
cg23243982,-0.39222031730446694,0.6755552610496592,0.11519224636832104,-3.404919425308918,6.618357865038667e-4,601,0.9999897167773916,No,No,Island,chr12,,
cg23357605,-0.32277341600736975,0.7241379138403211,0.10789159466746272,-2.991645614305762,0.002774781701604004,601,0.9999897167773916,Yes,No,S_Shore,chr17,,
cg23366074,0.61762831542478,1.8545244748831031,0.2006188619996612,3.0786153867517356,0.0020796497718284256,601,0.9999897167773916,No,No,OpenSea,chr10,ARHGAP22;ARHGAP22;ARHGAP22;ARHGAP22,Body;Body;Body;Body
cg23519572,-0.5275699491562827,0.5900370489895876,0.17082768022597938,-3.088316533119146,0.0020129394170118084,601,0.9999897167773916,Yes,No,S_Shore,chr13,RASA3,Body
cg23649083,-0.628745588716299,0.5332603093762469,0.19484039512826798,-3.2269775900545734,0.001251052579394359,601,0.9999897167773916,No,No,OpenSea,chr4,SORCS2,Body
cg23661483,0.5774945726163094,1.7815692421089704,0.1961194737011048,2.9446059675666785,0.0032336619199783835,601,0.9999897167773916,No,No,S_Shelf,chr19,ILVBL,Body
cg23671950,-0.26614187603424017,0.7663303958705114,0.08590448381908661,-3.09811390747345,0.0019475655611566394,601,0.9999897167773916,Yes,No,OpenSea,chr22,,
cg23748554,0.734686917238861,2.0848291662441656,0.25113967084585104,2.925411643506574,0.003440008478178606,601,0.9999897167773916,Yes,No,Island,chr8,SLCO5A1;SLCO5A1;SLCO5A1,5'UTR;TSS1500;TSS1500
cg23775411,-0.45355857035718183,0.6353631394752823,0.15302273342871262,-2.963994696699607,0.0030367352029196442,601,0.9999897167773916,No,Yes,OpenSea,chr20,,
cg23799532,-0.6400054541116423,0.5272895481391424,0.18886167187194178,-3.3887524544715455,7.02113641482151e-4,601,0.9999897167773916,Yes,No,OpenSea,chr1,PIK3CD,Body
cg23806751,-0.6115744040889389,0.5424960883062342,0.20726981746848813,-2.9506196877020865,0.003171371454694757,601,0.9999897167773916,Yes,Yes,OpenSea,chr3,CCDC12;CCDC12;CCDC12,Body;Body;Body
cg23950559,-0.8986528128807453,0.40711775425932395,0.23161522159846834,-3.8799384888384556,1.0448288429129566e-4,601,0.9999897167773916,Yes,No,OpenSea,chr14,,
cg23962358,-0.3381968685973398,0.7130548959621595,0.11664885740988298,-2.8992728785073063,0.0037402921616383005,601,0.9999897167773916,No,No,OpenSea,chr4,,
cg24136318,1.0567290449036773,2.8769452234031503,0.332892334672375,3.1743868357428107,0.0015015342865196005,601,0.9999897167773916,No,No,OpenSea,chr17,SEPT9;SEPT9;SEPT9;SEPT9;SEPT9;SEPT9,Body;5'UTR;Body;Body;Body;Body
cg24154779,0.3469164885781985,1.4146985769475444,0.09766146923140787,3.552234994091512,3.81973562801682e-4,601,0.9999897167773916,Yes,No,N_Shore,chr2,,
cg24180066,0.8860436232111474,2.425514394191897,0.27760589510774175,3.191732015875472,0.0014142247751594273,601,0.9999897167773916,Yes,No,Island,chr19,ZNF787,TSS200
cg24188829,0.44756715601285424,1.5645013640663268,0.13788381703353492,3.2459730637134943,0.0011704991390328386,601,0.9999897167773916,Yes,No,OpenSea,chr19,ERVV-1,TSS200
cg24275437,-0.487727417291595,0.6140202215286288,0.13753437816796754,-3.5462218522262474,3.907970536813179e-4,601,0.9999897167773916,Yes,No,N_Shore,chr10,KNDC1,Body
cg24361098,0.3757195137116132,1.4560386776061578,0.1309761823804146,2.868609443970143,0.004122805350822562,601,0.9999897167773916,Yes,No,OpenSea,chr2,BCL11A;BCL11A;BCL11A,Body;Body;Body
cg24379122,0.6117114084819566,1.8435838254634191,0.18458566845485572,3.3139702209955884,9.198130283749795e-4,601,0.9999897167773916,Yes,No,OpenSea,chr1,ERMAP;ERMAP,TSS1500;5'UTR
cg24463309,0.6936393740299854,2.0009846292342424,0.24455872866482428,2.8362895808991584,0.004564104232928105,601,0.9999897167773916,Yes,No,Island,chr12,ATXN2,1stExon
cg24580185,0.8883762724065382,2.4311788724437484,0.2308330658205753,3.8485659290123797,1.1881132256545481e-4,601,0.9999897167773916,Yes,No,Island,chr2,WDSUB1;WDSUB1;WDSUB1,TSS1500;TSS1500;TSS1500
cg24621107,-0.8874536027713843,0.41170277792831766,0.2980827836432638,-2.977205164030745,0.0029088927917426894,601,0.9999897167773916,No,No,OpenSea,chr7,GRB10;GRB10;GRB10;GRB10,Body;Body;Body;Body
cg24740404,0.5441755180766621,1.723187059948168,0.1890197737842018,2.87893434206482,0.003990213981227813,601,0.9999897167773916,No,No,OpenSea,chr14,,
cg24759919,-0.33835943407550545,0.7129389872736701,0.11243547797052209,-3.009365372771531,0.0026179407364007603,601,0.9999897167773916,Yes,No,S_Shore,chr19,STXBP2;STXBP2,Body;Body
cg24771527,-0.7353067769789927,0.4793583803001085,0.25814447718340217,-2.848431176997772,0.00439353549040907,601,0.9999897167773916,Yes,No,OpenSea,chr13,,
cg24874433,0.39734186010041617,1.487864484621214,0.1408124353964651,2.8217810378868773,0.004775777228170927,601,0.9999897167773916,Yes,No,OpenSea,chr17,LINC00854,Body
cg25090607,-0.3112029776796351,0.7325651663998342,0.09856287332433776,-3.157405696317002,0.0015917971420957044,601,0.9999897167773916,No,Yes,OpenSea,chr1,,
cg25245082,-0.6050253419127911,0.5460605882445585,0.15393586409439355,-3.9303728567229093,8.481423413142135e-5,601,0.9999897167773916,Yes,No,N_Shore,chr11,KIRREL3;KIRREL3,TSS1500;TSS1500
cg25247453,0.5997644046472623,1.8216895682335372,0.18777478451736102,3.194062537144385,0.0014028572404390276,601,0.9999897167773916,No,No,N_Shelf,chr3,PDCD10;PDCD10;PDCD10,5'UTR;5'UTR;5'UTR
cg25273041,0.5623920829816249,1.7548652669140223,0.18363582079845273,3.062540197965361,0.002194669964170722,601,0.9999897167773916,Yes,No,OpenSea,chr7,ELDR,Body
cg25310824,0.36275081379288876,1.4372776648446433,0.12842889747979183,2.824526418207143,0.004735054464308202,601,0.9999897167773916,Yes,No,OpenSea,chr5,SEPP1;SEPP1;SEPP1,TSS1500;TSS1500;TSS1500
cg25378281,0.5478786190114076,1.7295800251527798,0.18392534086654666,2.9788098607300646,0.0028937028244252353,601,0.9999897167773916,No,No,OpenSea,chr10,,
cg25397706,0.5047206402980036,1.656522690130724,0.17434170534545634,2.895008049266839,0.003791488101971571,601,0.9999897167773916,Yes,No,OpenSea,chr2,,
cg25420092,-0.6181537926898611,0.5389385118990772,0.2086638215572926,-2.9624387595150763,0.003052125174133835,601,0.9999897167773916,Yes,No,OpenSea,chr7,CREB5;CREB5;CREB5,Body;Body;Body
cg25450244,-0.7195437881391206,0.48697436877384814,0.21810253583095465,-3.2991078503407194,9.699263918384038e-4,601,0.9999897167773916,Yes,No,OpenSea,chr3,PRKAR2A,Body
cg25598908,0.7696824400530952,2.159080507416589,0.24502145277323223,3.141285921463528,0.0016820773035396705,601,0.9999897167773916,No,No,N_Shore,chr1,RTCD1;RTCD1,TSS200;TSS200
cg25622896,0.5722814995774396,1.772305957593774,0.17422619400241932,3.284704133349161,0.0010208951431000084,601,0.9999897167773916,Yes,Yes,Island,chr11,,
cg25877436,0.36075017956086275,1.4344050724089474,0.10463680026451563,3.447641543404497,5.655040105672658e-4,601,0.9999897167773916,No,No,N_Shore,chr13,GTF3A,TSS1500
cg25892000,0.5767247705522144,1.7801983141683464,0.19821693989289704,2.909563485662917,0.003619338707023064,601,0.9999897167773916,No,No,OpenSea,chr1,,
cg25894374,-0.6553402280532514,0.5192653638859492,0.21888877415580527,-2.993941697470422,0.0027539856437984946,601,0.9999897167773916,No,No,N_Shelf,chr17,JUP;JUP,5'UTR;5'UTR
cg25978993,-0.23561495336030244,0.7900848348817163,0.07967379271023817,-2.957245354406552,0.0031040101735118723,601,0.9999897167773916,Yes,No,OpenSea,chr7,,
cg25985164,0.5530883002240606,1.7386140976017166,0.16610722257664867,3.3297065091124685,8.693756876581177e-4,601,0.9999897167773916,Yes,No,OpenSea,chr2,LOC101927142;NPAS2,TSS200;Body
cg26081466,0.6823893159081114,1.978599588453471,0.24034351462035655,2.839225002538573,0.004522325629146959,601,0.9999897167773916,Yes,No,Island,chr12,KCTD10;UBE3B;UBE3B,TSS1500;TSS200;TSS200
cg26188685,-0.3346694881674066,0.7155745531297855,0.11854892453892389,-2.823049550799784,0.004756921898290813,601,0.9999897167773916,Yes,No,OpenSea,chr15,HDC,Body
cg26259758,0.7827940077052524,2.187575838561264,0.23376267337976891,3.348669812795697,8.120050321418051e-4,601,0.9999897167773916,Yes,No,Island,chr13,,
cg26276395,0.32838572211492567,1.3887245307574527,0.10062799309807162,3.26336352345696,0.0011009819728546603,601,0.9999897167773916,No,No,OpenSea,chr1,,
cg26306091,-0.466281616461611,0.6273305925471575,0.1308166423187373,-3.564390647831388,3.647024548419594e-4,601,0.9999897167773916,Yes,No,S_Shore,chr2,MYEOV2;MYEOV2,TSS1500;TSS1500
cg26312998,0.2603481725373923,1.2973817207235923,0.08768420559004582,2.9691569968097857,0.0029861798568126628,601,0.9999897167773916,Yes,No,Island,chr6,ZNF318,TSS1500
cg26393782,-0.599060488065939,0.5493274934648215,0.20069127461440503,-2.9849852178024894,0.002835920281480033,601,0.9999897167773916,Yes,Yes,OpenSea,chr16,,
cg26444596,0.3864425878168152,1.4717358990697647,0.12788831719372362,3.021719233598459,0.002513435588416783,601,0.9999897167773916,No,No,OpenSea,chr4,SCFD2,Body
cg26566407,-0.8101533518035785,0.4447898516666957,0.26749966300771577,-3.0286144763487437,0.0024567797784116607,601,0.9999897167773916,Yes,No,OpenSea,chr1,SKI,Body
cg26626342,-0.29452998997189966,0.7448816070281644,0.10064022193729509,-2.926563398830833,0.0034272964327254655,601,0.9999897167773916,Yes,No,OpenSea,chr10,COL13A1;COL13A1;COL13A1;COL13A1;COL13A1;COL13A1,Body;Body;Body;Body;Body;Body
cg26646117,0.5411773421286221,1.7180283791317381,0.1748391183459272,3.095287526318212,0.0019662219055464393,601,0.9999897167773916,Yes,No,OpenSea,chr8,,
cg26767954,1.352048721688137,3.8653364228832774,0.4101356634684775,3.2965890121673205,9.78665972001114e-4,601,0.9999897167773916,Yes,No,Island,chr21,ABCG1;ABCG1;ABCG1;ABCG1;ABCG1;ABCG1,TSS1500;TSS1500;5'UTR;Body;Body;TSS1500
cg26781701,0.28062231291982065,1.3239534693738804,0.09947287122879334,2.8210939269499233,0.004786018745754498,601,0.9999897167773916,Yes,No,S_Shore,chr19,GLTSCR2,TSS1500
cg26952928,1.3224198487824899,3.7524908598855613,0.3817767043670974,3.4638568400205925,5.324898164040679e-4,601,0.9999897167773916,No,No,N_Shore,chr8,SLC45A4,Body
cg27001818,-0.48793396988800947,0.6138934071549911,0.14973497085705892,-3.258650715294856,0.0011194339784506798,601,0.9999897167773916,Yes,No,OpenSea,chr22,LARGE;LARGE,Body;Body
cg27025478,-0.700853421164697,0.49616168817005585,0.22382809207938198,-3.1312129530020525,0.0017408587613446105,601,0.9999897167773916,Yes,Yes,OpenSea,chr21,,
cg27056759,0.2743436608976785,1.3156668678124832,0.08379467382466119,3.273998792235143,0.0010603706452839326,601,0.9999897167773916,No,No,S_Shore,chr14,,
cg27060381,-0.5957009208134302,0.5511760996424369,0.20335904211174868,-2.929306288166346,0.003397194874365785,601,0.9999897167773916,Yes,No,S_Shore,chr22,TBC1D10A,TSS1500
cg27141509,0.3789198667770666,1.460705979975533,0.12481814874517536,3.035775410759032,0.0023991799941061455,601,0.9999897167773916,Yes,No,S_Shelf,chr10,,
cg27159096,0.7388769760790803,2.093583049959096,0.17893508094776428,4.129301935458801,3.638663042208999e-5,601,0.9999897167773916,No,No,S_Shore,chr16,CMTM2,Body
cg27219446,0.5223371865885342,1.6859634597329256,0.1774217924938488,2.9440418747130157,0.003239561646188898,601,0.9999897167773916,No,No,OpenSea,chr8,SGK196,Body
cg27236218,-0.7077227803355232,0.49276505503042634,0.19481998726553784,-3.6327010912432898,2.8046984790804606e-4,601,0.9999897167773916,Yes,No,OpenSea,chr9,TTC39B;TTC39B;TTC39B;TTC39B,Body;Body;Body;Body
cg27244120,-0.6862232873550426,0.5034739593858014,0.21537365271176373,-3.186198862835932,0.0014415547248651575,601,0.9999897167773916,Yes,No,OpenSea,chr16,SF3B3,3'UTR
cg27283514,0.22938800162240028,1.2578299844165703,0.07011536309426034,3.271579743714941,0.0010694842269100065,601,0.9999897167773916,Yes,No,OpenSea,chr16,,
cg27294008,-0.26282796780820483,0.768874157040819,0.08343963129472604,-3.1499176557940687,0.0016331648673244225,601,0.9999897167773916,Yes,No,OpenSea,chr3,NEK4,Body
cg27335233,0.5519073597166921,1.7365621096634938,0.16553838575690735,3.334014387014541,8.56022299715352e-4,601,0.9999897167773916,No,No,OpenSea,chr15,IQCH-AS1;IQCH-AS1,Body;Body
cg27388703,0.6854913740909272,1.9847468491480493,0.2306751091842757,2.9716746488816868,0.002961803646684311,601,0.9999897167773916,Yes,Yes,OpenSea,chr19,MIR150,TSS200
cg27448527,-0.3899501559453932,0.6770906225990532,0.12144641387761099,-3.2108824253828514,0.001323280643438258,601,0.9999897167773916,Yes,No,OpenSea,chr1,LMX1A;LMX1A,Body;Body
cg27523162,0.42768636558751105,1.5337049828658307,0.1400653001729329,3.053478378009858,0.002262050222770461,601,0.9999897167773916,Yes,No,OpenSea,chr10,SVIL;SVIL,Body;Body
cg27524460,-1.1598248065082077,0.31354110643242167,0.39429403610620406,-2.941522570216624,0.0032660304074566293,601,0.9999897167773916,Yes,No,S_Shore,chr19,PTGER1,TSS1500
cg27542525,0.4421749688337296,1.5560879835160422,0.12357600177135768,3.578162122867908,3.460188064662056e-4,601,0.9999897167773916,Yes,No,OpenSea,chr16,RBFOX1;RBFOX1;RBFOX1,5'UTR;5'UTR;Body
